Date,Adj Close
2017-01-03,"1,977.6820"
2017-01-04,"1,981.3250"
2017-01-05,"1,963.0970"
2017-01-06,"1,963.3200"
2017-01-09,"1,964.6970"
2017-01-10,"1,970.3930"
2017-01-11,"1,985.2040"
2017-01-12,"1,966.0660"
2017-01-13,"1,976.5490"
2017-01-17,"1,904.7330"
2017-01-18,"1,913.6210"
2017-01-19,"1,899.0370"
2017-01-20,"1,907.4730"
2017-01-23,"1,908.3830"
2017-01-24,"1,931.4080"
2017-01-25,"1,961.2630"
2017-01-26,"1,977.6820"
2017-01-27,"1,981.7790"
2017-01-30,"1,961.2630"
2017-01-31,"1,929.3510"
2017-02-01,"1,936.6620"
2017-02-02,"1,928.4500"
2017-02-03,"1,987.4850"
2017-02-06,"1,978.1430"
2017-02-07,"1,977.0070"
2017-02-08,"1,959.6780"
2017-02-09,"1,987.9450"
2017-02-10,"1,983.3870"
2017-02-13,"2,009.6020"
2017-02-14,"2,041.7410"
2017-02-15,"2,065.2260"
2017-02-16,"2,063.8630"
2017-02-17,"2,057.0240"
2017-02-21,"2,074.8010"
2017-02-22,"2,075.9440"
2017-02-23,"2,077.5340"
2017-02-24,"2,059.3030"
2017-02-27,"2,061.5890"
2017-02-28,"2,065.9130"
2017-03-01,"2,133.8530"
2017-03-02,"2,100.5680"
2017-03-03,"2,115.6180"
2017-03-06,"2,095.5440"
2017-03-07,"2,083.9210"
2017-03-08,"2,079.3650"
2017-03-09,"2,087.5730"
2017-03-10,"2,080.9600"
2017-03-13,"2,082.7810"
2017-03-14,"2,086.1940"
2017-03-15,"2,091.2200"
2017-03-16,"2,089.1690"
2017-03-17,"2,067.2720"
2017-03-20,"2,052.4590"
2017-03-21,"1,992.2670"
2017-03-22,"1,995.4690"
2017-03-23,"1,992.2670"
2017-03-24,"1,990.0080"
2017-03-27,"1,988.8510"
2017-03-28,"2,019.8570"
2017-03-29,"2,012.3350"
2017-03-30,"2,029.6660"
2017-03-31,"2,002.5330"
2017-04-03,"1,995.2410"
2017-04-04,"2,001.8930"
2017-04-05,"1,976.2100"
2017-04-06,"1,982.8580"
2017-04-07,"1,975.9850"
2017-04-10,"1,969.1050"
2017-04-11,"1,965.6600"
2017-04-12,"1,958.0950"
2017-04-13,"1,935.1680"
2017-04-17,"1,968.6550"
2017-04-18,"1,952.5940"
2017-04-19,"1,936.5450"
2017-04-20,"1,961.5400"
2017-04-21,"1,937.9210"
2017-04-24,"2,006.2440"
2017-04-25,"2,023.6730"
2017-04-26,"2,027.5700"
2017-04-27,"2,008.7600"
2017-04-28,"1,994.7880"
2017-05-01,"1,996.1520"
2017-05-02,"1,983.3140"
2017-05-03,"1,994.7880"
2017-05-04,"1,997.0730"
2017-05-05,"1,994.7880"
2017-05-08,"1,997.0730"
2017-05-09,"1,989.0480"
2017-05-10,"2,004.6440"
2017-05-11,"1,998.4450"
2017-05-12,"1,992.9440"
2017-05-15,"2,002.5750"
2017-05-16,"2,008.7600"
2017-05-17,"1,932.1840"
2017-05-18,"1,925.0850"
2017-05-19,"1,943.8810"
2017-05-22,"1,942.0450"
2017-05-23,"1,966.3600"
2017-05-24,"1,965.2020"
2017-05-25,"1,956.9510"
2017-05-26,"1,957.1760"
2017-05-30,"1,923.7060"
2017-05-31,"1,883.5690"
2017-06-01,"1,904.4380"
2017-06-02,"1,894.8120"
2017-06-05,"1,898.2480"
2017-06-06,"1,902.1470"
2017-06-07,"1,923.9320"
2017-06-08,"1,947.7760"
2017-06-09,"1,993.8650"
2017-06-12,"1,994.3240"
2017-06-13,"2,000.9740"
2017-06-14,"1,996.8470"
2017-06-15,"1,984.9240"
2017-06-16,"1,975.9850"
2017-06-19,"2,019.3090"
2017-06-20,"2,006.7010"
2017-06-21,"1,997.5360"
2017-06-22,"1,995.2410"
2017-06-23,"1,991.5820"
2017-06-26,"2,000.2860"
2017-06-27,"2,018.8530"
2017-06-28,"2,059.4340"
2017-06-29,"2,089.9330"
2017-06-30,"2,095.6630"
2017-07-03,"2,138.3180"
2017-07-05,"2,159.7510"
2017-07-06,"2,152.8430"
2017-07-07,"2,163.6730"
2017-07-10,"2,148.4650"
2017-07-11,"2,139.4760"
2017-07-12,"2,133.0150"
2017-07-13,"2,149.3840"
2017-07-14,"2,126.0940"
2017-07-17,"2,106.2750"
2017-07-18,"2,098.9030"
2017-07-19,"2,102.5830"
2017-07-20,"2,103.2780"
2017-07-21,"2,095.2050"
2017-07-24,"2,105.8170"
2017-07-25,"2,139.6970"
2017-07-26,"2,119.1850"
2017-07-27,"2,110.6560"
2017-07-28,"2,104.1980"
2017-07-31,"2,116.4170"
2017-08-01,"2,144.0800"
2017-08-02,"2,145.9320"
2017-08-03,"2,131.8620"
2017-08-04,"2,159.7510"
2017-08-07,"2,167.3620"
2017-08-08,"2,159.0640"
2017-08-09,"2,156.3140"
2017-08-10,"2,125.4110"
2017-08-11,"2,107.6550"
2017-08-14,"2,132.3300"
2017-08-15,"2,137.8690"
2017-08-16,"2,123.0980"
2017-08-17,"2,089.9040"
2017-08-18,"2,091.9670"
2017-08-21,"2,089.4370"
2017-08-22,"2,110.8810"
2017-08-23,"2,113.4120"
2017-08-24,"2,109.9560"
2017-08-25,"2,118.4960"
2017-08-28,"2,111.8020"
2017-08-29,"2,100.2770"
2017-08-30,"2,105.1210"
2017-08-31,"2,095.4330"
2017-09-01,"2,114.1190"
2017-09-05,"2,063.6230"
2017-09-06,"2,077.4600"
2017-09-07,"2,041.0230"
2017-09-08,"2,038.4940"
2017-09-11,"2,070.0820"
2017-09-12,"2,095.4330"
2017-09-13,"2,101.4250"
2017-09-14,"2,097.2750"
2017-09-15,"2,112.2630"
2017-09-18,"2,142.2330"
2017-09-19,"2,165.7440"
2017-09-20,"2,180.9670"
2017-09-21,"2,190.8890"
2017-09-22,"2,186.2580"
2017-09-25,"2,169.9060"
2017-09-26,"2,160.2250"
2017-09-27,"2,194.3390"
2017-09-28,"2,198.9480"
2017-09-29,"2,201.9400"
2017-10-02,"2,232.6140"
2017-10-03,"2,244.3650"
2017-10-04,"2,221.5410"
2017-10-05,"2,251.4540"
2017-10-06,"2,247.5150"
2017-10-09,"2,235.6900"
2017-10-10,"2,252.3890"
2017-10-11,"2,245.6670"
2017-10-12,"2,225.9450"
2017-10-13,"2,222.9390"
2017-10-16,"2,268.8510"
2017-10-17,"2,263.7470"
2017-10-18,"2,272.3240"
2017-10-19,"2,275.1140"
2017-10-20,"2,307.5790"
2017-10-23,"2,303.6250"
2017-10-24,"2,340.2700"
2017-10-25,"2,342.5960"
2017-10-26,"2,359.2900"
2017-10-27,"2,359.9910"
2017-10-30,"2,351.6330"
2017-10-31,"2,333.0840"
2017-11-01,"2,340.2700"
2017-11-02,"2,355.8120"
2017-11-03,"2,351.6330"
2017-11-06,"2,337.0310"
2017-11-07,"2,289.9530"
2017-11-08,"2,264.2130"
2017-11-09,"2,263.9850"
2017-11-10,"2,261.2010"
2017-11-13,"2,269.3160"
2017-11-14,"2,255.6380"
2017-11-15,"2,276.9750"
2017-11-16,"2,283.4540"
2017-11-17,"2,275.8090"
2017-11-20,"2,295.9830"
2017-11-21,"2,294.1260"
2017-11-22,"2,287.4010"
2017-11-24,"2,279.9890"
2017-11-27,"2,270.9400"
2017-11-28,"2,350.4810"
2017-11-29,"2,405.4320"
2017-11-30,"2,423.7550"
2017-12-01,"2,430.0190"
2017-12-04,"2,480.1030"
2017-12-05,"2,451.5830"
2017-12-06,"2,433.2700"
2017-12-07,"2,426.0820"
2017-12-08,"2,456.4550"
2017-12-11,"2,449.2620"
2017-12-12,"2,477.8020"
2017-12-13,"2,446.7140"
2017-12-14,"2,427.0080"
2017-12-15,"2,461.3240"
2017-12-18,"2,480.3380"
2017-12-19,"2,469.9040"
2017-12-20,"2,461.3240"
2017-12-21,"2,500.5140"
2017-12-22,"2,491.6980"
2017-12-26,"2,481.7280"
2017-12-27,"2,486.3680"
2017-12-28,"2,499.5860"
2017-12-29,"2,479.8750"
2018-01-02,"2,503.2990"
2018-01-03,"2,505.8540"
2018-01-04,"2,541.7450"
2018-01-05,"2,525.4240"
2018-01-08,"2,529.1560"
2018-01-09,"2,541.9730"
2018-01-10,"2,569.9440"
2018-01-11,"2,583.7070"
2018-01-12,"2,626.3650"
2018-01-16,"2,617.0440"
2018-01-17,"2,633.8080"
2018-01-18,"2,640.1180"
2018-01-19,"2,634.2880"
2018-01-22,"2,665.0590"
2018-01-23,"2,662.2650"
2018-01-24,"2,696.2920"
2018-01-25,"2,696.9980"
2018-01-26,"2,711.4450"
2018-01-29,"2,708.6420"
2018-01-30,"2,683.2290"
2018-01-31,"2,696.2920"
2018-02-01,"2,724.2570"
2018-02-02,"2,663.8860"
2018-02-05,"2,536.1490"
2018-02-06,"2,613.3050"
2018-02-07,"2,631.0240"
2018-02-08,"2,514.6990"
2018-02-09,"2,565.0560"
2018-02-12,"2,604.6760"
2018-02-13,"2,620.7740"
2018-02-14,"2,681.3640"
2018-02-15,"2,692.5620"
2018-02-16,"2,673.2080"
2018-02-20,"2,673.9130"
2018-02-21,"2,685.1030"
2018-02-22,"2,680.2080"
2018-02-23,"2,734.5200"
2018-02-26,"2,768.5420"
2018-02-27,"2,735.6850"
2018-02-28,"2,692.3270"
2018-03-01,"2,644.0780"
2018-03-02,"2,641.5140"
2018-03-05,"2,682.0710"
2018-03-06,"2,684.4070"
2018-03-07,"2,674.3840"
2018-03-08,"2,674.6090"
2018-03-09,"2,751.5340"
2018-03-12,"2,742.6810"
2018-03-13,"2,709.8070"
2018-03-14,"2,679.5100"
2018-03-15,"2,686.2720"
2018-03-16,"2,690.9230"
2018-03-19,"2,669.7260"
2018-03-20,"2,672.2880"
2018-03-21,"2,674.6090"
2018-03-22,"2,562.9620"
2018-03-23,"2,494.4200"
2018-03-26,"2,571.3530"
2018-03-27,"2,521.4710"
2018-03-28,"2,517.5030"
2018-03-29,"2,563.4230"
2018-04-02,"2,514.0130"
2018-04-03,"2,548.5080"
2018-04-04,"2,587.2000"
2018-04-05,"2,621.1720"
2018-04-06,"2,555.8030"
2018-04-09,"2,586.4910"
2018-04-10,"2,635.9320"
2018-04-11,"2,591.6600"
2018-04-12,"2,656.0790"
2018-04-13,"2,584.1520"
2018-04-16,"2,582.0500"
2018-04-17,"2,582.0500"
2018-04-18,"2,561.1980"
2018-04-19,"2,617.4220"
2018-04-20,"2,611.5580"
2018-04-23,"2,598.9100"
2018-04-24,"2,586.7330"
2018-04-25,"2,576.8930"
2018-04-26,"2,579.4740"
2018-04-27,"2,563.0640"
2018-04-30,"2,548.5450"
2018-05-01,"2,548.5450"
2018-05-02,"2,528.3940"
2018-05-03,"2,512.4620"
2018-05-04,"2,540.3480"
2018-05-07,"2,562.3640"
2018-05-08,"2,600.3190"
2018-05-09,"2,657.0210"
2018-05-10,"2,677.6390"
2018-05-11,"2,667.5610"
2018-05-14,"2,668.5010"
2018-05-15,"2,648.1130"
2018-05-16,"2,655.3850"
2018-05-17,"2,646.4790"
2018-05-18,"2,603.5970"
2018-05-21,"2,627.4930"
2018-05-22,"2,647.6440"
2018-05-23,"2,635.4580"
2018-05-24,"2,605.9420"
2018-05-25,"2,592.5920"
2018-05-29,"2,481.7670"
2018-05-30,"2,538.4690"
2018-05-31,"2,507.0800"
2018-06-01,"2,539.6430"
2018-06-04,"2,540.8170"
2018-06-05,"2,526.5230"
2018-06-06,"2,585.5590"
2018-06-07,"2,595.8690"
2018-06-08,"2,603.1250"
2018-06-11,"2,596.5710"
2018-06-12,"2,581.5770"
2018-06-13,"2,576.4250"
2018-06-14,"2,530.9750"
2018-06-15,"2,527.9250"
2018-06-18,"2,534.4860"
2018-06-19,"2,519.7240"
2018-06-20,"2,519.4880"
2018-06-21,"2,518.7820"
2018-06-22,"2,477.5610"
2018-06-25,"2,455.0620"
2018-06-26,"2,456.7120"
2018-06-27,"2,418.7430"
2018-06-28,"2,458.3420"
2018-06-29,"2,441.2430"
2018-07-02,"2,461.8620"
2018-07-03,"2,427.4180"
2018-07-05,"2,443.1960"
2018-07-06,"2,451.2070"
2018-07-09,"2,527.0620"
2018-07-10,"2,511.5110"
2018-07-11,"2,506.0870"
2018-07-12,"2,516.9330"
2018-07-13,"2,505.3820"
2018-07-16,"2,604.7980"
2018-07-17,"2,602.9060"
2018-07-18,"2,627.1720"
2018-07-19,"2,588.5490"
2018-07-20,"2,621.2780"
2018-07-23,"2,670.0400"
2018-07-24,"2,688.8820"
2018-07-25,"2,713.1450"
2018-07-26,"2,705.3830"
2018-07-27,"2,733.1700"
2018-07-30,"2,749.6630"
2018-07-31,"2,707.7350"
2018-08-01,"2,724.4590"
2018-08-02,"2,736.0010"
2018-08-03,"2,758.1390"
2018-08-06,"2,758.8570"
2018-08-07,"2,768.9760"
2018-08-08,"2,774.6220"
2018-08-09,"2,753.1990"
2018-08-10,"2,726.1110"
2018-08-13,"2,682.7640"
2018-08-14,"2,700.6560"
2018-08-15,"2,678.2820"
2018-08-16,"2,703.4950"
2018-08-17,"2,703.4950"
2018-08-20,"2,699.9670"
2018-08-21,"2,716.4490"
2018-08-22,"2,708.2040"
2018-08-23,"2,702.5510"
2018-08-24,"2,701.3760"
2018-08-27,"2,749.1860"
2018-08-28,"2,735.7630"
2018-08-29,"2,726.8170"
2018-08-30,"2,713.3860"
2018-08-31,"2,699.0260"
2018-09-04,"2,712.4370"
2018-09-05,"2,699.2500"
2018-09-06,"2,687.7010"
2018-09-07,"2,692.8920"
2018-09-10,"2,678.5240"
2018-09-11,"2,695.4790"
2018-09-12,"2,663.6830"
2018-09-13,"2,674.0490"
2018-09-14,"2,673.5800"
2018-09-17,"2,681.5900"
2018-09-18,"2,692.4220"
2018-09-19,"2,770.6260"
2018-09-20,"2,794.4200"
2018-09-21,"2,776.0410"
2018-09-24,"2,749.4270"
2018-09-25,"2,741.6470"
2018-09-26,"2,709.3730"
2018-09-27,"2,697.5970"
2018-09-28,"2,658.0270"
2018-10-01,"2,673.5800"
2018-10-02,"2,684.6480"
2018-10-03,"2,709.8440"
2018-10-04,"2,734.2830"
2018-10-05,"2,718.8660"
2018-10-08,"2,735.4690"
2018-10-09,"2,716.4930"
2018-10-10,"2,644.1430"
2018-10-11,"2,564.9190"
2018-10-12,"2,536.9240"
2018-10-15,"2,522.4580"
2018-10-16,"2,576.5360"
2018-10-17,"2,605.2400"
2018-10-18,"2,563.9660"
2018-10-19,"2,559.6950"
2018-10-22,"2,522.9270"
2018-10-23,"2,496.6080"
2018-10-24,"2,450.1030"
2018-10-25,"2,487.3480"
2018-10-26,"2,453.1850"
2018-10-29,"2,487.1110"
2018-10-30,"2,530.9940"
2018-10-31,"2,586.0240"
2018-11-01,"2,585.0800"
2018-11-02,"2,570.8470"
2018-11-05,"2,587.6890"
2018-11-06,"2,599.7810"
2018-11-07,"2,644.3930"
2018-11-08,"2,665.7350"
2018-11-09,"2,639.8720"
2018-11-12,"2,584.3700"
2018-11-13,"2,599.5520"
2018-11-14,"2,545.9360"
2018-11-15,"2,610.9410"
2018-11-16,"2,609.0390"
2018-11-19,"2,628.9620"
2018-11-20,"2,572.5110"
2018-11-21,"2,553.2890"
2018-11-23,"2,529.8110"
2018-11-26,"2,591.7270"
2018-11-27,"2,602.6320"
2018-11-28,"2,631.5760"
2018-11-29,"2,610.7000"
2018-11-30,"2,637.5120"
2018-12-03,"2,662.4220"
2018-12-04,"2,543.5650"
2018-12-06,"2,495.1810"
2018-12-07,"2,450.1030"
2018-12-10,"2,404.3290"
2018-12-11,"2,380.8420"
2018-12-12,"2,396.2670"
2018-12-13,"2,398.6330"
2018-12-14,"2,378.9470"
2018-12-17,"2,348.5700"
2018-12-18,"2,337.4400"
2018-12-19,"2,307.7910"
2018-12-20,"2,287.8580"
2018-12-21,"2,233.7800"
2018-12-24,"2,185.6220"
2018-12-26,"2,276.2320"
2018-12-27,"2,301.8450"
2018-12-28,"2,296.8780"
2018-12-31,"2,315.6110"
2019-01-02,"2,355.6950"
2019-01-03,"2,322.2200"
2019-01-04,"2,407.8400"
2019-01-07,"2,409.5040"
2019-01-08,"2,404.9690"
2019-01-09,"2,400.9050"
2019-01-10,"2,400.6550"
2019-01-11,"2,389.1770"
2019-01-14,"2,413.8110"
2019-01-15,"2,431.4990"
2019-01-16,"2,451.1250"
2019-01-17,"2,461.1500"
2019-01-18,"2,501.0920"
2019-01-22,"2,461.6350"
2019-01-23,"2,455.4250"
2019-01-24,"2,456.8570"
2019-01-25,"2,472.3980"
2019-01-28,"2,484.1160"
2019-01-29,"2,491.0400"
2019-01-30,"2,496.7970"
2019-01-31,"2,475.0280"
2019-02-01,"2,484.1160"
2019-02-04,"2,492.9560"
2019-02-05,"2,481.9660"
2019-02-06,"2,480.7730"
2019-02-07,"2,448.2490"
2019-02-08,"2,423.8510"
2019-02-11,"2,412.3710"
2019-02-12,"2,453.5060"
2019-02-13,"2,465.2190"
2019-02-14,"2,449.2020"
2019-02-15,"2,524.0460"
2019-02-19,"2,515.2120"
2019-02-20,"2,527.4010"
2019-02-21,"2,522.1350"
2019-02-22,"2,510.9010"
2019-02-25,"2,537.1980"
2019-02-26,"2,517.8320"
2019-02-27,"2,514.7190"
2019-02-28,"2,495.5960"
2019-03-01,"2,497.2690"
2019-03-04,"2,491.5310"
2019-03-05,"2,489.6230"
2019-03-06,"2,480.2890"
2019-03-07,"2,462.3560"
2019-03-08,"2,463.3080"
2019-03-11,"2,495.3480"
2019-03-12,"2,487.9400"
2019-03-13,"2,496.3170"
2019-03-14,"2,519.0330"
2019-03-15,"2,547.9680"
2019-03-18,"2,563.2610"
2019-03-19,"2,553.9580"
2019-03-20,"2,499.4120"
2019-03-21,"2,459.9580"
2019-03-22,"2,385.5980"
2019-03-25,"2,365.7450"
2019-03-26,"2,389.4150"
2019-03-27,"2,381.2900"
2019-03-28,"2,408.3050"
2019-03-29,"2,420.7440"
2019-04-01,"2,502.2850"
2019-04-02,"2,514.2460"
2019-04-03,"2,519.2710"
2019-04-04,"2,543.6030"
2019-04-05,"2,537.5790"
2019-04-08,"2,545.7810"
2019-04-09,"2,526.9840"
2019-04-10,"2,538.3100"
2019-04-11,"2,559.7610"
2019-04-12,"2,679.7490"
2019-04-15,"2,649.1520"
2019-04-16,"2,677.1010"
2019-04-17,"2,754.2030"
2019-04-18,"2,733.9670"
2019-04-22,"2,737.3410"
2019-04-23,"2,740.7110"
2019-04-24,"2,736.1460"
2019-04-25,"2,737.5810"
2019-04-26,"2,758.3130"
2019-04-29,"2,798.0620"
2019-04-30,"2,796.3820"
2019-05-01,"2,774.9210"
2019-05-02,"2,780.9630"
2019-05-03,"2,798.0620"
2019-05-06,"2,773.2450"
2019-05-07,"2,727.9470"
2019-05-08,"2,713.4840"
2019-05-09,"2,711.3190"
2019-05-10,"2,711.0790"
2019-05-13,"2,637.3320"
2019-05-14,"2,658.3140"
2019-05-15,"2,648.1710"
2019-05-16,"2,682.1680"
2019-05-17,"2,669.1400"
2019-05-20,"2,683.1320"
2019-05-21,"2,692.2810"
2019-05-22,"2,670.3420"
2019-05-23,"2,617.8200"
2019-05-24,"2,643.6040"
2019-05-28,"2,614.9310"
2019-05-29,"2,607.7060"
2019-05-30,"2,579.7530"
2019-05-31,"2,553.2410"
2019-06-03,"2,565.2910"
2019-06-04,"2,644.3340"
2019-06-05,"2,653.7300"
2019-06-06,"2,659.5020"
2019-06-07,"2,630.3510"
2019-06-10,"2,658.7880"
2019-06-11,"2,666.9730"
2019-06-12,"2,632.9990"
2019-06-13,"2,639.5210"
2019-06-14,"2,646.2660"
2019-06-17,"2,631.8050"
2019-06-18,"2,667.7020"
2019-06-19,"2,648.4290"
2019-06-20,"2,655.1770"
2019-06-21,"2,637.0950"
2019-06-24,"2,618.3020"
2019-06-25,"2,596.6180"
2019-06-26,"2,613.9720"
2019-06-27,"2,622.6400"
2019-06-28,"2,693.9630"
2019-07-01,"2,739.2740"
2019-07-02,"2,742.1470"
2019-07-03,"2,737.8010"
2019-07-05,"2,754.0510"
2019-07-08,"2,739.0060"
2019-07-09,"2,750.6560"
2019-07-10,"2,742.6420"
2019-07-11,"2,768.8600"
2019-07-12,"2,797.9860"
2019-07-15,"2,763.9990"
2019-07-16,"2,793.6070"
2019-07-17,"2,766.1880"
2019-07-18,"2,782.6810"
2019-07-19,"2,755.2640"
2019-07-22,"2,772.9740"
2019-07-23,"2,823.7080"
2019-07-24,"2,835.1010"
2019-07-25,"2,807.9190"
2019-07-26,"2,820.3020"
2019-07-29,"2,811.3240"
2019-07-30,"2,805.0070"
2019-07-31,"2,814.9630"
2019-08-01,"2,740.7050"
2019-08-02,"2,740.4590"
2019-08-05,"2,658.9160"
2019-08-06,"2,679.7840"
2019-08-07,"2,621.5560"
2019-08-08,"2,665.9550"
2019-08-09,"2,663.0600"
2019-08-12,"2,613.0620"
2019-08-13,"2,653.3380"
2019-08-14,"2,543.1720"
2019-08-15,"2,552.8740"
2019-08-16,"2,614.0350"
2019-08-19,"2,637.5720"
2019-08-20,"2,604.0790"
2019-08-21,"2,611.3520"
2019-08-22,"2,638.2990"
2019-08-23,"2,572.7790"
2019-08-26,"2,593.4000"
2019-08-27,"2,565.9750"
2019-08-28,"2,591.6970"
2019-08-29,"2,650.4300"
2019-08-30,"2,665.9550"
2019-09-03,"2,634.4220"
2019-09-04,"2,666.2010"
2019-09-05,"2,726.8630"
2019-09-06,"2,732.6920"
2019-09-09,"2,800.3950"
2019-09-10,"2,836.0780"
2019-09-11,"2,843.8420"
2019-09-12,"2,861.3060"
2019-09-13,"2,917.6080"
2019-09-16,"2,891.6390"
2019-09-17,"2,877.3220"
2019-09-18,"2,906.2110"
2019-09-19,"2,896.9810"
2019-09-20,"2,885.3300"
2019-09-23,"2,884.8440"
2019-09-24,"2,847.2370"
2019-09-25,"2,863.4950"
2019-09-26,"2,839.9570"
2019-09-27,"2,856.6970"
2019-09-30,"2,855.9670"
2019-10-01,"2,804.0460"
2019-10-02,"2,748.2250"
2019-10-03,"2,744.3150"
2019-10-04,"2,803.7600"
2019-10-07,"2,797.6400"
2019-10-08,"2,735.2560"
2019-10-09,"2,755.0770"
2019-10-10,"2,793.7220"
2019-10-11,"2,840.9310"
2019-10-14,"2,848.5240"
2019-10-15,"2,934.3740"
2019-10-16,"2,927.5290"
2019-10-17,"2,943.9230"
2019-10-18,"2,949.0440"
2019-10-21,"3,022.1910"
2019-10-22,"3,052.5220"
2019-10-23,"3,060.6000"
2019-10-24,"3,058.3890"
2019-10-25,"3,082.8560"
2019-10-28,"3,094.6010"
2019-10-29,"3,092.6490"
2019-10-30,"3,075.5210"
2019-10-31,"3,055.7100"
2019-11-01,"3,126.1460"
2019-11-04,"3,151.1060"
2019-11-05,"3,157.9530"
2019-11-06,"3,162.8490"
2019-11-07,"3,179.9690"
2019-11-08,"3,189.2530"
2019-11-11,"3,178.0240"
2019-11-12,"3,159.4220"
2019-11-13,"3,142.7870"
2019-11-14,"3,145.7230"
2019-11-15,"3,168.4710"
2019-11-18,"3,195.1360"
2019-11-19,"3,194.1490"
2019-11-20,"3,170.9190"
2019-11-21,"3,178.2660"
2019-11-22,"3,199.2960"
2019-11-25,"3,216.4160"
2019-11-26,"3,220.8160"
2019-11-27,"3,230.3480"
2019-11-29,"3,223.0230"
2019-12-02,"3,215.9210"
2019-12-03,"3,174.5870"
2019-12-04,"3,237.2030"
2019-12-05,"3,254.8150"
2019-12-06,"3,303.2540"
2019-12-09,"3,287.8430"
2019-12-10,"3,290.0520"
2019-12-11,"3,282.2090"
2019-12-12,"3,376.1490"
2019-12-13,"3,346.5510"
2019-12-16,"3,359.5150"
2019-12-17,"3,380.0670"
2019-12-18,"3,376.6440"
2019-12-19,"3,359.7620"
2019-12-20,"3,357.0740"
2019-12-23,"3,356.0920"
2019-12-24,"3,365.3770"
2019-12-26,"3,401.1000"
2019-12-27,"3,403.5440"
2019-12-30,"3,391.0710"
2019-12-31,"3,409.9090"
2020-01-02,"3,451.2440"
2020-01-03,"3,405.7010"
2020-01-06,"3,402.9920"
2020-01-07,"3,345.1430"
2020-01-08,"3,371.2230"
2020-01-09,"3,383.5460"
2020-01-10,"3,349.8110"
2020-01-13,"3,377.6260"
2020-01-14,"3,417.0210"
2020-01-15,"3,365.8080"
2020-01-16,"3,378.8710"
2020-01-17,"3,402.2530"
2020-01-21,"3,368.7680"
2020-01-22,"3,364.8350"
2020-01-23,"3,361.3760"
2020-01-24,"3,277.9300"
2020-01-27,"3,250.3570"
2020-01-28,"3,309.4420"
2020-01-29,"3,304.5220"
2020-01-30,"3,345.3870"
2020-01-31,"3,258.4850"
2020-02-03,"3,283.3560"
2020-02-04,"3,330.6150"
2020-02-05,"3,387.2410"
2020-02-06,"3,387.7290"
2020-02-07,"3,376.8960"
2020-02-10,"3,390.9310"
2020-02-11,"3,397.3370"
2020-02-12,"3,397.3370"
2020-02-13,"3,394.3730"
2020-02-14,"3,384.0280"
2020-02-18,"3,339.2330"
2020-02-19,"3,384.7810"
2020-02-20,"3,384.7810"
2020-02-21,"3,343.4090"
2020-02-24,"3,253.5550"
2020-02-25,"3,108.3070"
2020-02-26,"3,117.6620"
2020-02-27,"2,987.9290"
2020-02-28,"2,858.4340"
2020-03-02,"2,991.6280"
2020-03-03,"2,879.3540"
2020-03-04,"2,950.5100"
2020-03-05,"2,805.7510"
2020-03-06,"2,660.7550"
2020-03-09,"2,300.3410"
2020-03-10,"2,479.0680"
2020-03-11,"2,362.3840"
2020-03-12,"2,167.6380"
2020-03-13,"2,558.0770"
2020-03-16,"2,175.2740"
2020-03-17,"2,308.2110"
2020-03-18,"2,065.2260"
2020-03-19,"2,099.9460"
2020-03-20,"2,055.6310"
2020-03-23,"1,945.5820"
2020-03-24,"2,177.0010"
2020-03-25,"2,258.2420"
2020-03-26,"2,415.5470"
2020-03-27,"2,243.4570"
2020-03-30,"2,301.8100"
2020-03-31,"2,216.3770"
2020-04-01,"2,076.8020"
2020-04-02,"2,154.3510"
2020-04-03,"2,090.6640"
2020-04-06,"2,225.2440"
2020-04-07,"2,254.5930"
2020-04-08,"2,345.6280"
2020-04-09,"2,556.0680"
2020-04-13,"2,442.3840"
2020-04-14,"2,375.4840"
2020-04-15,"2,258.3190"
2020-04-16,"2,172.2640"
2020-04-17,"2,367.5280"
2020-04-20,"2,281.2140"
2020-04-21,"2,215.0450"
2020-04-22,"2,222.2590"
2020-04-23,"2,223.4980"
2020-04-24,"2,256.3310"
2020-04-27,"2,353.5890"
2020-04-28,"2,370.2600"
2020-04-29,"2,434.1940"
2020-04-30,"2,381.9440"
2020-05-01,"2,319.5210"
2020-05-04,"2,291.9050"
2020-05-05,"2,288.4200"
2020-05-06,"2,245.3820"
2020-05-07,"2,268.7710"
2020-05-08,"2,305.8270"
2020-05-11,"2,237.9230"
2020-05-12,"2,164.8040"
2020-05-13,"2,090.1730"
2020-05-14,"2,176.9890"
2020-05-15,"2,136.6890"
2020-05-18,"2,249.8700"
2020-05-19,"2,205.5850"
2020-05-20,"2,271.7580"
2020-05-21,"2,242.8970"
2020-05-22,"2,225.4950"
2020-05-26,"2,383.4440"
2020-05-27,"2,521.4970"
2020-05-28,"2,483.9320"
2020-05-29,"2,420.5010"
2020-06-01,"2,452.5900"
2020-06-02,"2,460.8000"
2020-06-03,"2,593.6390"
2020-06-04,"2,647.6040"
2020-06-05,"2,766.7500"
2020-06-08,"2,821.9750"
2020-06-09,"2,749.5870"
2020-06-10,"2,638.1620"
2020-06-11,"2,418.0220"
2020-06-12,"2,484.1870"
2020-06-15,"2,518.5050"
2020-06-16,"2,538.6630"
2020-06-17,"2,474.4820"
2020-06-18,"2,461.0580"
2020-06-19,"2,432.9480"
2020-06-22,"2,406.5750"
2020-06-23,"2,435.9250"
2020-06-24,"2,354.5780"
2020-06-25,"2,436.6750"
2020-06-26,"2,303.1030"
2020-06-29,"2,313.3020"
2020-06-30,"2,339.6690"
2020-07-01,"2,319.7620"
2020-07-02,"2,327.3000"
2020-07-06,"2,386.0700"
2020-07-07,"2,318.7540"
2020-07-08,"2,343.3740"
2020-07-09,"2,292.6380"
2020-07-10,"2,417.9670"
2020-07-13,"2,452.6230"
2020-07-14,"2,466.6930"
2020-07-15,"2,504.8730"
2020-07-16,"2,511.9040"
2020-07-17,"2,465.4390"
2020-07-20,"2,443.8320"
2020-07-21,"2,496.8360"
2020-07-22,"2,478.7560"
2020-07-23,"2,486.0340"
2020-07-24,"2,468.4490"
2020-07-27,"2,433.7850"
2020-07-28,"2,444.3360"
2020-07-29,"2,503.6100"
2020-07-30,"2,436.8110"
2020-07-31,"2,427.2660"
2020-08-03,"2,413.7000"
2020-08-04,"2,399.8950"
2020-08-05,"2,441.5840"
2020-08-06,"2,442.3260"
2020-08-07,"2,496.0760"
2020-08-10,"2,527.7240"
2020-08-11,"2,607.6000"
2020-08-12,"2,585.4900"
2020-08-13,"2,571.1740"
2020-08-14,"2,572.1860"
2020-08-17,"2,504.3650"
2020-08-18,"2,469.4620"
2020-08-19,"2,475.2380"
2020-08-20,"2,445.5910"
2020-08-21,"2,444.3360"
2020-08-24,"2,513.1590"
2020-08-25,"2,524.2090"
2020-08-26,"2,488.7940"
2020-08-27,"2,570.6760"
2020-08-28,"2,581.2290"
2020-08-31,"2,516.4260"
2020-09-01,"2,515.1690"
2020-09-02,"2,553.0930"
2020-09-03,"2,545.0570"
2020-09-04,"2,600.0580"
2020-09-08,"2,509.6500"
2020-09-09,"2,533.4990"
2020-09-10,"2,507.3820"
2020-09-11,"2,538.5270"
2020-09-14,"2,573.6990"
2020-09-15,"2,493.5700"
2020-09-16,"2,504.1120"
2020-09-17,"2,475.4750"
2020-09-18,"2,470.2160"
2020-09-21,"2,393.8580"
2020-09-22,"2,367.7480"
2020-09-23,"2,329.3100"
2020-09-24,"2,327.3000"
2020-09-25,"2,347.6430"
2020-09-28,"2,415.2000"
2020-09-29,"2,394.8710"
2020-09-30,"2,417.9670"
2020-10-01,"2,435.5350"
2020-10-02,"2,458.6630"
2020-10-05,"2,510.6340"
2020-10-06,"2,484.7640"
2020-10-07,"2,528.1060"
2020-10-08,"2,580.0810"
2020-10-09,"2,565.3800"
2020-10-12,"2,596.8160"
2020-10-13,"2,554.7370"
2020-10-14,"2,540.5410"
2020-10-15,"2,578.5600"
2020-10-16,"2,573.2350"
2020-10-19,"2,529.8910"
2020-10-20,"2,544.3470"
2020-10-21,"2,518.9910"
2020-10-22,"2,607.9700"
2020-10-23,"2,631.5550"
2020-10-26,"2,566.3970"
2020-10-27,"2,517.9710"
2020-10-28,"2,447.2600"
2020-10-29,"2,463.2280"
2020-10-30,"2,485.2720"
2020-11-02,"2,541.2880"
2020-11-03,"2,621.4090"
2020-11-04,"2,541.2880"
2020-11-05,"2,645.2340"
2020-11-06,"2,609.9940"
2020-11-09,"2,963.3660"
2020-11-10,"2,953.7350"
2020-11-11,"2,909.6280"
2020-11-12,"2,873.8810"
2020-11-13,"2,891.8820"
2020-11-16,"2,973.5040"
2020-11-17,"2,943.3520"
2020-11-18,"2,921.5320"
2020-11-19,"2,929.3990"
2020-11-20,"2,904.3000"
2020-11-23,"2,987.9560"
2020-11-24,"3,126.1140"
2020-11-25,"3,093.4030"
2020-11-27,"3,072.8790"
2020-11-30,"2,988.2140"
2020-12-01,"3,035.3620"
2020-12-02,"3,093.6540"
2020-12-03,"3,073.3860"
2020-12-04,"3,101.2720"
2020-12-07,"3,089.6140"
2020-12-08,"3,092.6590"
2020-12-09,"3,068.5720"
2020-12-10,"3,048.7960"
2020-12-11,"3,030.7980"
2020-12-14,"2,998.8550"
2020-12-15,"3,050.0550"
2020-12-16,"3,058.9440"
2020-12-17,"3,033.5790"
2020-12-18,"3,018.6370"
2020-12-21,"3,131.9390"
2020-12-22,"3,084.2850"
2020-12-23,"3,170.4740"
2020-12-24,"3,156.5390"
2020-12-28,"3,177.3230"
2020-12-29,"3,168.9620"
2020-12-30,"3,177.8270"
2020-12-31,"3,221.1730"
2021-01-04,"3,190.7550"
2021-01-05,"3,208.1160"
2021-01-06,"3,358.7630"
2021-01-07,"3,469.0600"
2021-01-08,"3,472.8900"
2021-01-11,"3,524.7120"
2021-01-12,"3,580.1180"
2021-01-13,"3,583.4400"
2021-01-14,"3,604.3820"
2021-01-15,"3,539.7830"
2021-01-19,"3,524.4600"
2021-01-20,"3,471.6120"
2021-01-21,"3,442.4930"
2021-01-22,"3,415.9490"
2021-01-25,"3,373.3110"
2021-01-26,"3,359.5210"
2021-01-27,"3,264.5490"
2021-01-28,"3,321.9960"
2021-01-29,"3,285.2180"
2021-02-01,"3,309.4740"
2021-02-02,"3,411.3550"
2021-02-03,"3,450.4160"
2021-02-04,"3,529.8320"
2021-02-05,"3,522.9280"
2021-02-08,"3,578.0830"
2021-02-09,"3,563.7790"
2021-02-10,"3,565.8180"
2021-02-11,"3,555.8650"
2021-02-12,"3,606.4120"
2021-02-16,"3,693.2330"
2021-02-17,"3,704.7230"
2021-02-18,"3,717.2380"
2021-02-19,"3,779.2720"
2021-02-22,"3,814.7590"
2021-02-23,"3,845.4030"
2021-02-24,"3,913.0610"
2021-02-25,"3,859.9520"
2021-02-26,"3,757.5620"
2021-03-01,"3,842.5860"
2021-03-02,"3,830.0780"
2021-03-03,"3,904.1220"
2021-03-04,"3,844.1320"
2021-03-05,"3,853.0550"
2021-03-08,"3,904.1220"
2021-03-09,"3,876.5440"
2021-03-10,"3,960.8100"
2021-03-11,"3,940.1240"
2021-03-12,"3,986.8500"
2021-03-15,"3,966.9460"
2021-03-16,"3,919.4380"
2021-03-17,"3,959.7760"
2021-03-18,"4,025.1360"
2021-03-19,"3,961.0580"
2021-03-22,"3,854.5790"
2021-03-23,"3,816.0460"
2021-03-24,"3,845.6520"
2021-03-25,"3,894.9320"
2021-03-26,"3,959.7760"
2021-03-29,"3,898.2470"
2021-03-30,"3,944.2090"
2021-03-31,"3,886.7610"
2021-04-01,"3,924.5450"
2021-04-05,"3,945.3470"
2021-04-06,"3,917.6090"
2021-04-07,"3,978.9890"
2021-04-08,"3,983.8700"
2021-04-09,"4,013.6630"
2021-04-12,"4,005.1980"
2021-04-13,"3,957.4110"
2021-04-14,"3,883.4590"
2021-04-15,"3,908.1070"
2021-04-16,"3,937.1470"
2021-04-19,"3,920.4410"
2021-04-20,"3,833.6350"
2021-04-21,"3,866.2390"
2021-04-22,"3,784.8500"
2021-04-23,"3,857.2510"
2021-04-26,"3,866.7700"
2021-04-27,"3,884.4930"
2021-04-28,"3,909.6480"
2021-04-29,"3,985.6790"
2021-04-30,"3,950.2360"
2021-05-03,"3,938.6680"
2021-05-04,"3,993.1110"
2021-05-05,"4,045.5020"
2021-05-06,"4,126.9220"
2021-05-07,"4,141.0530"
2021-05-10,"4,140.5290"
2021-05-11,"4,071.7090"
2021-05-12,"4,043.7100"
2021-05-13,"4,147.7380"
2021-05-14,"4,212.1910"
2021-05-17,"4,229.1480"
2021-05-18,"4,169.5610"
2021-05-19,"4,137.7120"
2021-05-20,"4,130.5110"
2021-05-21,"4,177.5290"
2021-05-24,"4,200.1280"
2021-05-25,"4,156.7190"
2021-05-26,"4,156.2010"
2021-05-27,"4,220.9340"
2021-05-28,"4,218.1030"
2021-06-01,"4,264.5920"
2021-06-02,"4,264.8450"
2021-06-03,"4,267.6700"
2021-06-04,"4,274.6000"
2021-06-07,"4,254.5800"
2021-06-08,"4,237.6180"
2021-06-09,"4,184.7170"
2021-06-10,"4,119.4750"
2021-06-11,"4,116.6560"
2021-06-14,"4,046.8030"
2021-06-15,"3,985.4160"
2021-06-16,"4,013.4050"
2021-06-17,"3,897.5790"
2021-06-18,"3,798.9590"
2021-06-21,"3,863.4300"
2021-06-22,"3,857.7720"
2021-06-23,"3,881.1440"
2021-06-24,"3,916.8350"
2021-06-25,"3,956.3950"
2021-06-28,"3,963.5870"
2021-06-29,"3,958.7100"
2021-06-30,"3,994.6590"
2021-07-01,"4,034.2120"
2021-07-02,"4,030.3400"
2021-07-06,"3,962.6570"
2021-07-07,"3,967.3130"
2021-07-08,"3,898.8640"
2021-07-09,"4,023.6310"
2021-07-12,"4,081.2270"
2021-07-13,"4,020.5160"
2021-07-14,"4,006.8380"
2021-07-15,"4,015.6120"
2021-07-16,"3,923.9210"
2021-07-19,"3,796.3070"
2021-07-20,"3,867.0890"
2021-07-21,"3,948.4590"
2021-07-22,"3,898.5980"
2021-07-23,"3,891.1140"
2021-07-26,"3,917.2060"
2021-07-27,"3,912.0320"
2021-07-28,"3,918.4950"
2021-07-29,"3,952.0690"
2021-07-30,"3,920.5580"
2021-08-02,"3,904.8030"
2021-08-03,"3,949.2230"
2021-08-04,"3,906.6090"
2021-08-05,"3,955.9380"
2021-08-06,"4,068.3090"
2021-08-09,"4,063.9130"
2021-08-10,"4,113.7730"
2021-08-11,"4,162.8480"
2021-08-12,"4,179.1250"
2021-08-13,"4,132.3650"
2021-08-16,"4,105.2380"
2021-08-17,"4,055.6560"
2021-08-18,"4,018.7170"
2021-08-19,"3,985.1420"
2021-08-20,"3,996.5000"
2021-08-23,"4,047.6410"
2021-08-24,"4,072.7120"
2021-08-25,"4,156.6430"
2021-08-26,"4,178.0960"
2021-08-27,"4,211.6710"
2021-08-30,"4,144.2440"
2021-08-31,"4,131.5880"
2021-09-01,"4,125.6590"
2021-09-02,"4,144.7700"
2021-09-03,"4,119.6990"
2021-09-07,"4,112.4810"
2021-09-08,"4,094.1500"
2021-09-09,"4,111.9570"
2021-09-10,"4,064.6970"
2021-09-13,"4,129.2670"
2021-09-14,"4,057.2050"
2021-09-15,"4,085.3670"
2021-09-16,"4,083.5480"
2021-09-17,"4,072.9520"
2021-09-20,"3,951.0370"
2021-09-21,"3,951.5660"
2021-09-22,"4,027.2320"
2021-09-23,"4,163.3620"
2021-09-24,"4,211.4110"
2021-09-27,"4,313.1780"
2021-09-28,"4,289.9410"
2021-09-29,"4,286.5740"
2021-09-30,"4,228.1910"
2021-10-01,"4,317.0600"
2021-10-04,"4,312.4130"
2021-10-05,"4,382.8380"
2021-10-06,"4,392.2000"
2021-10-07,"4,419.9960"
2021-10-08,"4,423.3750"
2021-10-11,"4,330.3370"
2021-10-12,"4,297.0690"
2021-10-13,"4,183.7750"
2021-10-14,"4,247.9660"
2021-10-15,"4,329.5580"
2021-10-18,"4,327.9950"
2021-10-19,"4,380.4880"
2021-10-20,"4,439.4750"
2021-10-21,"4,404.6520"
2021-10-22,"4,463.9030"
2021-10-25,"4,442.0750"
2021-10-26,"4,454.0240"
2021-10-27,"4,361.2570"
2021-10-28,"4,427.0020"
2021-10-29,"4,414.7950"
2021-11-01,"4,412.4610"
2021-11-02,"4,429.8750"
2021-11-03,"4,431.4280"
2021-11-04,"4,373.2190"
2021-11-05,"4,366.9720"
2021-11-08,"4,393.2160"
2021-11-09,"4,359.9510"
2021-11-10,"4,355.8190"
2021-11-11,"4,355.5460"
2021-11-12,"4,336.0560"
2021-11-15,"4,328.2550"
2021-11-16,"4,297.0690"
2021-11-17,"4,273.9490"
2021-11-18,"4,237.0520"
2021-11-19,"4,181.6920"
2021-11-22,"4,270.8420"
2021-11-23,"4,372.9600"
2021-11-24,"4,338.6540"
2021-11-26,"4,207.9480"
2021-11-29,"4,189.7520"
2021-11-30,"4,127.3940"
2021-12-01,"4,102.9550"
2021-12-02,"4,189.2290"
2021-12-03,"4,113.3520"
2021-12-06,"4,161.9480"
2021-12-07,"4,224.5730"
2021-12-08,"4,176.2430"
2021-12-09,"4,169.7380"
2021-12-10,"4,153.1110"
2021-12-13,"4,103.7410"
2021-12-14,"4,135.1840"
2021-12-15,"4,104.2540"
2021-12-16,"4,168.4360"
2021-12-17,"4,073.5980"
2021-12-20,"4,000.3170"
2021-12-21,"4,056.1970"
2021-12-22,"4,072.0360"
2021-12-23,"4,086.5880"
2021-12-27,"4,109.9840"
2021-12-28,"4,122.4550"
2021-12-29,"4,120.3720"
2021-12-30,"4,118.2990"
2021-12-31,"4,114.9250"
2022-01-03,"4,201.9610"
2022-01-04,"4,361.2570"
2022-01-05,"4,281.5260"
2022-01-06,"4,327.0190"
2022-01-07,"4,369.8940"
2022-01-10,"4,374.0690"
2022-01-11,"4,378.5110"
2022-01-12,"4,403.3590"
2022-01-13,"4,397.8580"
2022-01-14,"4,127.5480"
2022-01-18,"3,954.4920"
2022-01-19,"3,893.3270"
2022-01-20,"3,860.1160"
2022-01-21,"3,792.6680"
2022-01-24,"3,789.2790"
2022-01-25,"3,830.5850"
2022-01-26,"3,866.9300"
2022-01-27,"3,798.6790"
2022-01-28,"3,832.6740"
2022-01-31,"3,884.6860"
2022-02-01,"3,951.3510"
2022-02-02,"3,919.7230"
2022-02-03,"3,887.3070"
2022-02-04,"3,988.2120"
2022-02-07,"4,001.5420"
2022-02-08,"4,076.8380"
2022-02-09,"4,093.8340"
2022-02-10,"4,076.8380"
2022-02-11,"4,023.7720"
2022-02-14,"3,986.3850"
2022-02-15,"4,044.6870"
2022-02-16,"4,052.0080"
2022-02-17,"3,958.6810"
2022-02-18,"3,977.2360"
2022-02-22,"3,970.1730"
2022-02-23,"3,887.0380"
2022-02-24,"3,778.8180"
2022-02-25,"3,868.2370"
2022-02-28,"3,706.9300"
2022-03-01,"3,567.0690"
2022-03-02,"3,641.0550"
2022-03-03,"3,615.1660"
2022-03-04,"3,513.4660"
2022-03-07,"3,377.8010"
2022-03-08,"3,354.0050"
2022-03-09,"3,488.3860"
2022-03-10,"3,447.0690"
2022-03-11,"3,369.4360"
2022-03-14,"3,402.9060"
2022-03-15,"3,463.2840"
2022-03-16,"3,618.0430"
2022-03-17,"3,663.7810"
2022-03-18,"3,662.4880"
2022-03-21,"3,650.7210"
2022-03-22,"3,728.3650"
2022-03-23,"3,654.1180"
2022-03-24,"3,677.9170"
2022-03-25,"3,710.0680"
2022-03-28,"3,682.6180"
2022-03-29,"3,690.7150"
2022-03-30,"3,673.9970"
2022-03-31,"3,563.6650"
2022-04-01,"3,537.2680"
2022-04-04,"3,552.9480"
2022-04-05,"3,511.6100"
2022-04-06,"3,462.8830"
2022-04-07,"3,452.3560"
2022-04-08,"3,515.5550"
2022-04-11,"3,502.6570"
2022-04-12,"3,464.1990"
2022-04-13,"3,352.5370"
2022-04-14,"3,321.4660"
2022-04-18,"3,383.0800"
2022-04-19,"3,453.1310"
2022-04-20,"3,465.2630"
2022-04-21,"3,438.3910"
2022-04-22,"3,339.6390"
2022-04-25,"3,338.5840"
2022-04-26,"3,239.8330"
2022-04-27,"3,197.6860"
2022-04-28,"3,248.2470"
2022-04-29,"3,143.4390"
2022-05-02,"3,172.1380"
2022-05-03,"3,240.0760"
2022-05-04,"3,347.2680"
2022-05-05,"3,263.5280"
2022-05-06,"3,258.2600"
2022-05-09,"3,209.2820"
2022-05-10,"3,131.0500"
2022-05-11,"3,111.3000"
2022-05-12,"3,108.6730"
2022-05-13,"3,136.3160"
2022-05-16,"3,114.4600"
2022-05-17,"3,217.7010"
2022-05-18,"3,162.6630"
2022-05-19,"3,115.7730"
2022-05-20,"3,090.2270"
2022-05-23,"3,281.4210"
2022-05-24,"3,327.7890"
2022-05-25,"3,350.9690"
2022-05-26,"3,408.9000"
2022-05-27,"3,457.0830"
2022-05-31,"3,482.3770"
2022-06-01,"3,421.2790"
2022-06-02,"3,476.3200"
2022-06-03,"3,427.8550"
2022-06-06,"3,416.5340"
2022-06-07,"3,425.4950"
2022-06-08,"3,370.9770"
2022-06-09,"3,300.1350"
2022-06-10,"3,148.4320"
2022-06-13,"3,054.6770"
2022-06-14,"3,003.8550"
2022-06-15,"3,039.4140"
2022-06-16,"2,987.2710"
2022-06-17,"2,976.7230"
2022-06-21,"3,050.4670"
2022-06-22,"3,033.3510"
2022-06-23,"3,000.1680"
2022-06-24,"3,089.7070"
2022-06-27,"3,064.9690"
2022-06-28,"3,050.2120"
2022-06-29,"3,036.5020"
2022-06-30,"2,965.6770"
2022-07-01,"3,003.5890"
2022-07-05,"2,992.1570"
2022-07-06,"2,972.7700"
2022-07-07,"3,047.9660"
2022-07-08,"3,038.3950"
2022-07-11,"2,998.5390"
2022-07-12,"3,001.4730"
2022-07-13,"2,973.3090"
2022-07-14,"2,869.4180"
2022-07-15,"3,000.9380"
2022-07-18,"2,970.1180"
2022-07-19,"3,043.7120"
2022-07-20,"3,043.1850"
2022-07-21,"3,063.9030"
2022-07-22,"3,049.0140"
2022-07-25,"3,061.2470"
2022-07-26,"3,013.4220"
2022-07-27,"3,061.7780"
2022-07-28,"3,050.3430"
2022-07-29,"3,064.9760"
2022-08-01,"3,034.4230"
2022-08-02,"2,987.1120"
2022-08-03,"3,018.4710"
2022-08-04,"2,985.2600"
2022-08-05,"3,075.5850"
2022-08-08,"3,038.1260"
2022-08-09,"3,065.4910"
2022-08-10,"3,145.4650"
2022-08-11,"3,191.9590"
2022-08-12,"3,244.8290"
2022-08-15,"3,253.5960"
2022-08-16,"3,284.6940"
2022-08-17,"3,257.0470"
2022-08-18,"3,231.8200"
2022-08-19,"3,151.8460"
2022-08-22,"3,099.7700"
2022-08-23,"3,069.2100"
2022-08-24,"3,076.6570"
2022-08-25,"3,149.7160"
2022-08-26,"3,046.6240"
2022-08-29,"3,039.2000"
2022-08-30,"3,039.7240"
2022-08-31,"3,021.6480"
2022-09-01,"3,042.3810"
2022-09-02,"3,021.1280"
2022-09-06,"3,021.9160"
2022-09-07,"3,079.3080"
2022-09-08,"3,151.0450"
2022-09-09,"3,166.1890"
2022-09-12,"3,203.6470"
2022-09-13,"3,092.3400"
2022-09-14,"3,085.1570"
2022-09-15,"3,131.6500"
2022-09-16,"3,110.6560"
2022-09-19,"3,139.3540"
2022-09-20,"3,077.4410"
2022-09-21,"2,988.7160"
2022-09-22,"2,954.7030"
2022-09-23,"2,899.7070"
2022-09-26,"2,837.2680"
2022-09-27,"2,812.2990"
2022-09-28,"2,869.1460"
2022-09-29,"2,820.5350"
2022-09-30,"2,776.4320"
2022-10-03,"2,862.2420"
2022-10-04,"2,996.1560"
2022-10-05,"2,959.1500"
2022-10-06,"2,898.8430"
2022-10-07,"2,840.9330"
2022-10-10,"2,814.4010"
2022-10-11,"2,733.1760"
2022-10-12,"2,777.4130"
2022-10-13,"2,931.8060"
2022-10-14,"2,980.5930"
2022-10-17,"3,105.7890"
2022-10-18,"3,185.6750"
2022-10-19,"3,123.2040"
2022-10-20,"3,113.0290"
2022-10-21,"3,276.5390"
2022-10-24,"3,280.5730"
2022-10-25,"3,289.1440"
2022-10-26,"3,326.9470"
2022-10-27,"3,340.0630"
2022-10-28,"3,379.7540"
2022-10-31,"3,374.3860"
2022-11-01,"3,435.2430"
2022-11-02,"3,403.6030"
2022-11-03,"3,409.7770"
2022-11-04,"3,503.0560"
2022-11-07,"3,521.5640"
2022-11-08,"3,523.7050"
2022-11-09,"3,477.8570"
2022-11-10,"3,621.0150"
2022-11-11,"3,626.8960"
2022-11-14,"3,589.6390"
2022-11-15,"3,563.6390"
2022-11-16,"3,568.4740"
2022-11-17,"3,552.9210"
2022-11-18,"3,587.7730"
2022-11-21,"3,566.5910"
2022-11-22,"3,619.9360"
2022-11-23,"3,658.5360"
2022-11-25,"3,665.5080"
2022-11-28,"3,601.4350"
2022-11-29,"3,660.6890"
2022-11-30,"3,704.1010"
2022-12-01,"3,652.1090"
2022-12-02,"3,623.1520"
2022-12-05,"3,521.5640"
2022-12-06,"3,527.4470"
2022-12-07,"3,525.0420"
2022-12-08,"3,562.0360"
2022-12-09,"3,542.7350"
2022-12-12,"3,597.6880"
2022-12-13,"3,594.1940"
2022-12-14,"3,576.2400"
2022-12-15,"3,487.5150"
2022-12-16,"3,465.8130"
2022-12-19,"3,486.4340"
2022-12-20,"3,503.3270"
2022-12-21,"3,542.7350"
2022-12-22,"3,502.5200"
2022-12-23,"3,519.1500"
2022-12-27,"3,531.4740"
2022-12-28,"3,550.7840"
2022-12-29,"3,571.1460"
2022-12-30,"3,594.7340"
2023-01-03,"3,622.0810"
2023-01-04,"3,655.8610"
2023-01-05,"3,655.0450"
2023-01-06,"3,724.9920"
2023-01-09,"3,709.5810"
2023-01-10,"3,742.8000"
2023-01-11,"3,770.6270"
2023-01-12,"3,766.8400"
2023-01-13,"3,861.9020"
2023-01-17,"3,802.2170"
2023-01-18,"3,687.9920"
2023-01-19,"3,638.8450"
2023-01-20,"3,647.7520"
2023-01-23,"3,706.8950"
2023-01-24,"3,738.7790"
2023-01-25,"3,756.8600"
2023-01-26,"3,780.0730"
2023-01-27,"3,789.2650"
2023-01-30,"3,757.1350"
2023-01-31,"3,779.5240"
2023-02-01,"3,769.5430"
2023-02-02,"3,751.9990"
2023-02-03,"3,810.0520"
2023-02-06,"3,832.4650"
2023-02-07,"3,879.1730"
2023-02-08,"3,851.9050"
2023-02-09,"3,791.9680"
2023-02-10,"3,808.6970"
2023-02-13,"3,850.0110"
2023-02-14,"3,867.0320"
2023-02-15,"3,883.2350"
2023-02-16,"3,829.7630"
2023-02-17,"3,841.1150"
2023-02-21,"3,770.6270"
2023-02-22,"3,741.7240"
2023-02-23,"3,771.7230"
2023-02-24,"3,805.7250"
2023-02-27,"3,838.9460"
2023-02-28,"3,871.0810"
2023-03-01,"3,849.4860"
2023-03-02,"3,809.5120"
2023-03-03,"3,879.4590"
2023-03-06,"3,856.7700"
2023-03-07,"3,743.3490"
2023-03-08,"3,721.2110"
2023-03-09,"3,519.7560"
2023-03-10,"3,609.1340"
2023-03-13,"3,544.3190"
2023-03-14,"3,635.3400"
2023-03-15,"3,463.5830"
2023-03-16,"3,530.8310"
2023-03-17,"3,397.4210"
2023-03-20,"3,433.3340"
2023-03-21,"3,525.4270"
2023-03-22,"3,434.4200"
2023-03-23,"3,425.2330"
2023-03-24,"3,373.1170"
2023-03-27,"3,469.7920"
2023-03-28,"3,480.3290"
2023-03-29,"3,487.3500"
2023-03-30,"3,476.8090"
2023-03-31,"3,518.9430"
2023-04-03,"3,514.8910"
2023-04-04,"3,467.9070"
2023-04-05,"3,473.0890"
2023-04-06,"3,469.2640"
2023-04-10,"3,480.7010"
2023-04-11,"3,497.8390"
2023-04-12,"3,497.2940"
2023-04-13,"3,510.6360"
2023-04-14,"3,775.7230"
2023-04-17,"3,805.6520"
2023-04-18,"3,848.3900"
2023-04-19,"3,843.4900"
2023-04-20,"3,832.3360"
2023-04-21,"3,824.9880"
2023-04-24,"3,830.1590"
2023-04-25,"3,746.8730"
2023-04-26,"3,680.4600"
2023-04-27,"3,730.0030"
2023-04-28,"3,762.3810"
2023-05-01,"3,842.9420"
2023-05-02,"3,780.9020"
2023-05-03,"3,700.8790"
2023-05-04,"3,650.2500"
2023-05-05,"3,721.5570"
2023-05-08,"3,730.5470"
2023-05-09,"3,712.5910"
2023-05-10,"3,714.4820"
2023-05-11,"3,702.7770"
2023-05-12,"3,649.7090"
2023-05-15,"3,680.4600"
2023-05-16,"3,655.7010"
2023-05-17,"3,768.0950"
2023-05-18,"3,796.6800"
2023-05-19,"3,787.9770"
2023-05-22,"3,756.6670"
2023-05-23,"3,717.4810"
2023-05-24,"3,683.4580"
2023-05-25,"3,692.4320"
2023-05-26,"3,727.0060"
2023-05-30,"3,741.1610"
2023-05-31,"3,693.5330"
2023-06-01,"3,744.4210"
2023-06-02,"3,823.0660"
2023-06-05,"3,785.5260"
2023-06-06,"3,792.3230"
2023-06-07,"3,829.0680"
2023-06-08,"3,830.1590"
2023-06-09,"3,837.7810"
2023-06-12,"3,837.4970"
2023-06-13,"3,865.2610"
2023-06-14,"3,850.8330"
2023-06-15,"3,894.3860"
2023-06-16,"3,899.0010"
2023-06-20,"3,879.1450"
2023-06-21,"3,873.4360"
2023-06-22,"3,798.8630"
2023-06-23,"3,778.9910"
2023-06-26,"3,788.2330"
2023-06-27,"3,788.5130"
2023-06-28,"3,771.9090"
2023-06-29,"3,903.6350"
2023-06-30,"3,958.3420"
2023-07-03,"3,990.1860"
2023-07-05,"3,963.6100"
2023-07-06,"3,924.4160"
2023-07-07,"3,955.3930"
2023-07-10,"3,977.5820"
2023-07-11,"4,039.7930"
2023-07-12,"4,059.7900"
2023-07-13,"4,079.5130"
2023-07-14,"4,104.1840"
2023-07-17,"4,203.1180"
2023-07-18,"4,210.7760"
2023-07-19,"4,226.9460"
2023-07-20,"4,279.0200"
2023-07-21,"4,246.1400"
2023-07-24,"4,329.7090"
2023-07-25,"4,297.3800"
2023-07-26,"4,323.1400"
2023-07-27,"4,275.4550"
2023-07-28,"4,299.8450"
2023-07-31,"4,328.6250"
2023-08-01,"4,307.2530"
2023-08-02,"4,258.4690"
2023-08-03,"4,284.4950"
2023-08-04,"4,275.4550"
2023-08-07,"4,295.7260"
2023-08-08,"4,271.6270"
2023-08-09,"4,214.3490"
2023-08-10,"4,208.0490"
2023-08-11,"4,232.4330"
2023-08-14,"4,241.2000"
2023-08-15,"4,133.2200"
2023-08-16,"4,115.7010"
2023-08-17,"4,072.9420"
2023-08-18,"4,082.2640"
2023-08-21,"4,096.2380"
2023-08-22,"4,011.2910"
2023-08-23,"4,038.4220"
2023-08-24,"4,034.5850"
2023-08-25,"4,029.6410"
2023-08-28,"4,043.6260"
2023-08-29,"4,076.5110"
2023-08-30,"4,060.0670"
2023-08-31,"4,009.9180"
2023-09-01,"4,023.3420"
2023-09-05,"3,978.9440"
2023-09-06,"3,972.3760"
2023-09-07,"3,938.4020"
2023-09-08,"3,941.4140"
2023-09-11,"3,958.6750"
2023-09-12,"4,010.1840"
2023-09-13,"4,012.1080"
2023-09-14,"4,089.9250"
2023-09-15,"4,077.8710"
2023-09-18,"4,086.3690"
2023-09-19,"4,081.1740"
2023-09-20,"4,063.8990"
2023-09-21,"4,032.1160"
2023-09-22,"3,993.4770"
2023-09-25,"4,013.2010"
2023-09-26,"3,971.5540"
2023-09-27,"3,994.8510"
2023-09-28,"4,044.4470"
2023-09-29,"3,974.0140"
2023-10-02,"3,939.7730"
2023-10-03,"3,910.7140"
2023-10-04,"3,928.2590"
2023-10-05,"3,944.8180"
2023-10-06,"4,005.5470"
2023-10-09,"3,996.4480"
2023-10-10,"4,020.7390"
2023-10-11,"4,034.5420"
2023-10-12,"4,025.1460"
2023-10-13,"4,085.6030"
2023-10-16,"4,081.4570"
2023-10-17,"4,072.6300"
2023-10-18,"4,027.9100"
2023-10-19,"4,010.7960"
2023-10-20,"3,946.1950"
2023-10-23,"3,892.3740"
2023-10-24,"3,897.0520"
2023-10-25,"3,875.8050"
2023-10-26,"3,885.7420"
2023-10-27,"3,745.7860"
2023-10-30,"3,793.5400"
2023-10-31,"3,838.8160"
2023-11-01,"3,835.5050"
2023-11-02,"3,903.9630"
2023-11-03,"3,947.5890"
2023-11-06,"3,977.3870"
2023-11-07,"3,975.4610"
2023-11-08,"3,995.0580"
2023-11-09,"3,983.1900"
2023-11-10,"4,042.2670"
2023-11-13,"4,024.3250"
2023-11-14,"4,097.7590"
2023-11-15,"4,133.6530"
2023-11-16,"4,180.8440"
2023-11-17,"4,218.6630"
2023-11-20,"4,231.6350"
2023-11-21,"4,222.8020"
2023-11-22,"4,232.7440"
2023-11-24,"4,238.5390"
2023-11-27,"4,228.8740"
2023-11-28,"4,238.5390"
2023-11-29,"4,260.0670"
2023-11-30,"4,308.6550"
2023-12-01,"4,329.6460"
2023-12-04,"4,361.3850"
2023-12-05,"4,360.8310"
2023-12-06,"4,315.0120"
2023-12-07,"4,328.2500"
2023-12-08,"4,376.0190"
2023-12-11,"4,392.0170"
2023-12-12,"4,431.2320"
2023-12-13,"4,446.1300"
2023-12-14,"4,527.0180"
2023-12-15,"4,561.2450"
2023-12-18,"4,588.8600"
2023-12-19,"4,650.1290"
2023-12-20,"4,597.6880"
2023-12-21,"4,623.9080"
2023-12-22,"4,621.1600"
2023-12-26,"4,648.4730"
2023-12-27,"4,676.3620"
2023-12-28,"4,701.2150"
2023-12-29,"4,695.6930"
2024-01-02,"4,750.3490"
2024-01-03,"4,729.6420"
2024-01-04,"4,761.0280"
2024-01-05,"4,784.9140"
2024-01-08,"4,777.9760"
2024-01-09,"4,740.2040"
2024-01-10,"4,750.1900"
2024-01-11,"4,730.2070"
2024-01-12,"4,695.4930"
2024-01-16,"4,666.0360"
2024-01-17,"4,641.0340"
2024-01-18,"4,650.2080"
2024-01-19,"4,730.4760"
2024-01-22,"4,724.9120"
2024-01-23,"4,693.8050"
2024-01-24,"4,735.7350"
2024-01-25,"4,803.5320"
2024-01-26,"4,785.1950"
2024-01-29,"4,797.6830"
2024-01-30,"4,896.0180"
2024-01-31,"4,842.9680"
2024-02-01,"4,825.4770"
2024-02-02,"4,853.2380"
2024-02-05,"4,846.8510"
2024-02-06,"4,863.5180"
2024-02-07,"4,872.6870"
2024-02-08,"4,855.2000"
2024-02-09,"4,861.0110"
2024-02-12,"4,882.6900"
2024-02-13,"4,840.1920"
2024-02-14,"4,889.3520"
2024-02-15,"4,996.0120"
2024-02-16,"4,972.6850"
2024-02-20,"4,992.1230"
2024-02-21,"5,024.6290"
2024-02-22,"5,084.8960"
2024-02-23,"5,110.4450"
2024-02-26,"5,092.9500"
2024-02-27,"5,095.4590"
2024-02-28,"5,121.2850"
2024-02-29,"5,167.9420"
2024-03-01,"5,146.5550"
2024-03-04,"5,185.1700"
2024-03-05,"5,237.1060"
2024-03-06,"5,264.3260"
2024-03-07,"5,218.2310"
2024-03-08,"5,227.9370"
2024-03-11,"5,229.8910"
2024-03-12,"5,272.9380"
2024-03-13,"5,315.7050"
2024-03-14,"5,220.9960"
2024-03-15,"5,285.7090"
2024-03-18,"5,351.2660"
2024-03-19,"5,382.6490"
2024-03-20,"5,453.2020"
2024-03-21,"5,529.0360"
2024-03-22,"5,461.2560"
2024-03-25,"5,411.2570"
2024-03-26,"5,436.5410"
2024-03-27,"5,541.7990"
2024-03-28,"5,563.4740"
2024-04-01,"5,525.6940"
2024-04-02,"5,523.4780"
2024-04-03,"5,507.9190"
2024-04-04,"5,466.0050"
2024-04-05,"5,516.2960"
2024-04-08,"5,545.0730"
2024-04-09,"5,507.9190"
2024-04-10,"5,460.9800"
2024-04-11,"5,459.8640"
2024-04-12,"5,106.7160"
2024-04-15,"5,109.5310"
2024-04-16,"5,051.1410"
2024-04-17,"5,031.0200"
2024-04-18,"5,063.7090"
2024-04-19,"5,190.8210"
2024-04-22,"5,291.6760"
2024-04-23,"5,367.9480"
2024-04-24,"5,394.2210"
2024-04-25,"5,402.3080"
2024-04-26,"5,405.6690"
2024-04-29,"5,399.7980"
2024-04-30,"5,356.7930"
2024-05-01,"5,360.1270"
2024-05-02,"5,354.5340"
2024-05-03,"5,322.4210"
2024-05-06,"5,364.0270"
2024-05-07,"5,357.0450"
2024-05-08,"5,466.0050"
2024-05-09,"5,517.6980"
2024-05-10,"5,553.1690"
2024-05-13,"5,552.0540"
2024-05-14,"5,629.7190"
2024-05-15,"5,646.4840"
2024-05-16,"5,656.5490"
2024-05-17,"5,721.3730"
2024-05-20,"5,464.0580"
2024-05-21,"5,574.1170"
2024-05-22,"5,540.3290"
2024-05-23,"5,501.4890"
2024-05-24,"5,607.3780"
2024-05-28,"5,573.5650"
2024-05-29,"5,534.7330"
2024-05-30,"5,568.8270"
2024-05-31,"5,661.0120"
2024-06-03,"5,638.3880"
2024-06-04,"5,564.0640"
2024-06-05,"5,510.9890"
2024-06-06,"5,501.2110"
2024-06-07,"5,586.1360"
2024-06-10,"5,576.6470"
2024-06-11,"5,429.9750"
2024-06-12,"5,350.9060"
2024-06-13,"5,410.4200"
2024-06-14,"5,413.7670"
2024-06-17,"5,447.2890"
2024-06-18,"5,503.7310"
2024-06-20,"5,550.3760"
2024-06-21,"5,484.1740"
2024-06-24,"5,556.2470"
2024-06-25,"5,533.6110"
2024-06-26,"5,515.7220"
2024-06-27,"5,564.3610"
2024-06-28,"5,650.6850"
2024-07-01,"5,739.8060"
2024-07-02,"5,834.2220"
2024-07-03,"5,830.3180"
2024-07-05,"5,753.0620"
2024-07-08,"5,763.7400"
2024-07-09,"5,832.8460"
2024-07-10,"5,837.6250"
2024-07-11,"5,827.7900"
2024-07-12,"5,757.2880"
2024-07-15,"5,900.8280"
2024-07-16,"6,001.1230"
2024-07-17,"6,092.4380"
2024-07-18,"5,898.8620"
2024-07-19,"5,893.2430"
2024-07-22,"5,907.2810"
2024-07-23,"5,908.6850"
2024-07-24,"5,859.8100"
2024-07-25,"5,862.0660"
2024-07-26,"5,962.3400"
2024-07-29,"5,923.3080"
2024-07-30,"6,045.2260"
2024-07-31,"5,978.0790"
2024-08-01,"5,842.1240"
2024-08-02,"5,594.3330"
2024-08-05,"5,475.2340"
2024-08-06,"5,628.0620"
2024-08-07,"5,629.7280"
2024-08-08,"5,732.5610"
2024-08-09,"5,781.4350"
2024-08-12,"5,792.3940"
2024-08-13,"5,841.5570"
2024-08-14,"5,906.1750"
2024-08-15,"5,942.9670"
2024-08-16,"6,010.9530"
2024-08-19,"6,052.5240"
2024-08-20,"6,026.4060"
2024-08-21,"6,028.6500"
2024-08-22,"6,085.6860"
2024-08-23,"6,132.8690"
2024-08-26,"6,157.0320"
2024-08-27,"6,185.4050"
2024-08-28,"6,216.5920"
2024-08-29,"6,242.4290"
2024-08-30,"6,315.1910"
2024-09-03,"6,188.7780"
2024-09-04,"6,161.5510"
2024-09-05,"6,113.7720"
2024-09-06,"5,968.5200"
2024-09-09,"6,090.7310"
2024-09-10,"5,774.6880"
2024-09-11,"5,821.6070"
2024-09-12,"5,803.9100"
2024-09-13,"5,739.8640"
2024-09-16,"5,839.3020"
2024-09-17,"5,878.3560"
2024-09-18,"5,830.0320"
2024-09-19,"5,912.9020"
2024-09-20,"5,930.0430"
2024-09-23,"5,939.8780"
2024-09-24,"5,944.0920"
2024-09-25,"5,904.7720"
2024-09-26,"5,893.2430"
2024-09-27,"5,913.4730"
2024-09-30,"5,923.5880"
2024-10-01,"5,816.2700"
2024-10-02,"5,823.2890"
2024-10-03,"5,765.4220"
2024-10-04,"5,970.0590"
2024-10-07,"5,961.8550"
2024-10-08,"5,956.7660"
2024-10-09,"6,032.2400"
2024-10-10,"6,015.8570"
2024-10-11,"6,282.9430"
2024-10-14,"6,260.0550"
2024-10-15,"6,285.7800"
2024-10-16,"6,321.1010"
2024-10-17,"6,343.1520"
2024-10-18,"6,370.0130"
2024-10-21,"6,303.0050"
2024-10-22,"6,334.6690"
2024-10-23,"6,314.6140"
2024-10-24,"6,358.9750"
2024-10-25,"6,283.5200"
2024-10-28,"6,373.6800"
2024-10-29,"6,300.1820"
2024-10-30,"6,342.8730"
2024-10-31,"6,272.4710"
2024-11-01,"6,301.3230"
2024-11-04,"6,211.9920"
2024-11-05,"6,260.3260"
2024-11-06,"6,983.0610"
2024-11-07,"6,681.1910"
2024-11-08,"6,698.1570"
2024-11-11,"6,763.4490"
2024-11-12,"6,771.0820"
2024-11-13,"6,816.3110"
2024-11-14,"6,836.3740"
2024-11-15,"6,933.6040"
2024-11-18,"6,925.7020"
2024-11-19,"6,870.8550"
2024-11-20,"6,805.5550"
2024-11-21,"6,918.0610"
2024-11-22,"7,025.1790"
2024-11-25,"7,074.3600"
2024-11-26,"7,065.3180"
2024-11-27,"7,060.2390"
2024-11-29,"7,058.2560"
2024-12-02,"6,960.1760"
2024-12-03,"6,919.7470"
2024-12-04,"6,879.6140"
2024-12-05,"6,938.4120"
2024-12-06,"6,991.5390"
2024-12-09,"6,891.2160"
2024-12-10,"6,864.3560"
2024-12-11,"6,883.3010"
2024-12-12,"6,826.7630"
2024-12-13,"6,781.8250"
2024-12-16,"6,771.6450"
2024-12-17,"6,737.1640"
2024-12-18,"6,511.3270"
2024-12-19,"6,584.5350"
2024-12-20,"6,715.6840"
2024-12-23,"6,738.0160"
2024-12-24,"6,848.8170"
2024-12-26,"6,872.2690"
2024-12-27,"6,816.5820"
2024-12-30,"6,764.3060"
2024-12-31,"6,775.3130"
