Date,Close
2017-01-03,"2,257.8300"
2017-01-04,"2,270.7500"
2017-01-05,"2,269.0000"
2017-01-06,"2,276.9800"
2017-01-09,"2,268.9000"
2017-01-10,"2,268.9000"
2017-01-11,"2,275.3200"
2017-01-12,"2,270.4200"
2017-01-13,"2,274.6400"
2017-01-17,"2,267.8800"
2017-01-18,"2,271.8900"
2017-01-19,"2,263.6900"
2017-01-20,"2,271.3200"
2017-01-23,"2,265.2000"
2017-01-24,"2,280.0800"
2017-01-25,"2,298.3700"
2017-01-26,"2,296.6800"
2017-01-27,"2,294.6900"
2017-01-30,"2,280.8900"
2017-01-31,"2,278.8700"
2017-02-01,"2,279.5500"
2017-02-02,"2,280.8500"
2017-02-03,"2,297.4200"
2017-02-06,"2,292.5600"
2017-02-07,"2,293.0800"
2017-02-08,"2,294.6700"
2017-02-09,"2,307.8700"
2017-02-10,"2,316.1000"
2017-02-13,"2,328.2500"
2017-02-14,"2,337.5800"
2017-02-15,"2,349.2500"
2017-02-16,"2,347.2200"
2017-02-17,"2,351.1600"
2017-02-21,"2,365.3800"
2017-02-22,"2,362.8200"
2017-02-23,"2,363.8100"
2017-02-24,"2,367.3400"
2017-02-27,"2,369.7500"
2017-02-28,"2,363.6400"
2017-03-01,"2,395.9600"
2017-03-02,"2,381.9200"
2017-03-03,"2,383.1200"
2017-03-06,"2,375.3100"
2017-03-07,"2,368.3900"
2017-03-08,"2,362.9800"
2017-03-09,"2,364.8700"
2017-03-10,"2,372.6000"
2017-03-13,"2,373.4700"
2017-03-14,"2,365.4500"
2017-03-15,"2,385.2600"
2017-03-16,"2,381.3800"
2017-03-17,"2,378.2500"
2017-03-20,"2,373.4700"
2017-03-21,"2,344.0200"
2017-03-22,"2,348.4500"
2017-03-23,"2,345.9600"
2017-03-24,"2,343.9800"
2017-03-27,"2,341.5900"
2017-03-28,"2,358.5700"
2017-03-29,"2,361.1300"
2017-03-30,"2,368.0600"
2017-03-31,"2,362.7200"
2017-04-03,"2,358.8400"
2017-04-04,"2,360.1600"
2017-04-05,"2,352.9500"
2017-04-06,"2,357.4900"
2017-04-07,"2,355.5400"
2017-04-10,"2,357.1600"
2017-04-11,"2,353.7800"
2017-04-12,"2,344.9300"
2017-04-13,"2,328.9500"
2017-04-17,"2,349.0100"
2017-04-18,"2,342.1900"
2017-04-19,"2,338.1700"
2017-04-20,"2,355.8400"
2017-04-21,"2,348.6900"
2017-04-24,"2,374.1500"
2017-04-25,"2,388.6100"
2017-04-26,"2,387.4500"
2017-04-27,"2,388.7700"
2017-04-28,"2,384.2000"
2017-05-01,"2,388.3300"
2017-05-02,"2,391.1700"
2017-05-03,"2,388.1300"
2017-05-04,"2,389.5200"
2017-05-05,"2,399.2900"
2017-05-08,"2,399.3800"
2017-05-09,"2,396.9200"
2017-05-10,"2,399.6300"
2017-05-11,"2,394.4400"
2017-05-12,"2,390.9000"
2017-05-15,"2,402.3200"
2017-05-16,"2,400.6700"
2017-05-17,"2,357.0300"
2017-05-18,"2,365.7200"
2017-05-19,"2,381.7300"
2017-05-22,"2,394.0200"
2017-05-23,"2,398.4200"
2017-05-24,"2,404.3900"
2017-05-25,"2,415.0700"
2017-05-26,"2,415.8200"
2017-05-30,"2,412.9100"
2017-05-31,"2,411.8000"
2017-06-01,"2,430.0600"
2017-06-02,"2,439.0700"
2017-06-05,"2,436.1000"
2017-06-06,"2,429.3300"
2017-06-07,"2,433.1400"
2017-06-08,"2,433.7900"
2017-06-09,"2,431.7700"
2017-06-12,"2,429.3900"
2017-06-13,"2,440.3500"
2017-06-14,"2,437.9200"
2017-06-15,"2,432.4600"
2017-06-16,"2,433.1500"
2017-06-19,"2,453.4600"
2017-06-20,"2,437.0300"
2017-06-21,"2,435.6100"
2017-06-22,"2,434.5000"
2017-06-23,"2,438.3000"
2017-06-26,"2,439.0700"
2017-06-27,"2,419.3800"
2017-06-28,"2,440.6900"
2017-06-29,"2,419.7000"
2017-06-30,"2,423.4100"
2017-07-03,"2,429.0100"
2017-07-05,"2,432.5400"
2017-07-06,"2,409.7500"
2017-07-07,"2,425.1800"
2017-07-10,"2,427.4300"
2017-07-11,"2,425.5300"
2017-07-12,"2,443.2500"
2017-07-13,"2,447.8300"
2017-07-14,"2,459.2700"
2017-07-17,"2,459.1400"
2017-07-18,"2,460.6100"
2017-07-19,"2,473.8300"
2017-07-20,"2,473.4500"
2017-07-21,"2,472.5400"
2017-07-24,"2,469.9100"
2017-07-25,"2,477.0800"
2017-07-26,"2,477.8300"
2017-07-27,"2,475.4200"
2017-07-28,"2,472.1000"
2017-07-31,"2,470.3000"
2017-08-01,"2,476.3500"
2017-08-02,"2,477.5700"
2017-08-03,"2,472.1600"
2017-08-04,"2,476.8300"
2017-08-07,"2,480.9100"
2017-08-08,"2,474.9200"
2017-08-09,"2,474.0200"
2017-08-10,"2,438.2100"
2017-08-11,"2,441.3200"
2017-08-14,"2,465.6600"
2017-08-15,"2,464.6100"
2017-08-16,"2,468.1100"
2017-08-17,"2,430.0100"
2017-08-18,"2,425.5500"
2017-08-21,"2,428.3700"
2017-08-22,"2,452.5100"
2017-08-23,"2,444.0400"
2017-08-24,"2,438.9700"
2017-08-25,"2,443.0500"
2017-08-28,"2,444.2400"
2017-08-29,"2,446.3000"
2017-08-30,"2,457.5900"
2017-08-31,"2,471.6500"
2017-09-01,"2,476.5500"
2017-09-05,"2,457.8500"
2017-09-06,"2,465.5400"
2017-09-07,"2,465.1000"
2017-09-08,"2,461.4300"
2017-09-11,"2,488.1100"
2017-09-12,"2,496.4800"
2017-09-13,"2,498.3700"
2017-09-14,"2,495.6200"
2017-09-15,"2,500.2300"
2017-09-18,"2,503.8700"
2017-09-19,"2,506.6500"
2017-09-20,"2,508.2400"
2017-09-21,"2,500.6000"
2017-09-22,"2,502.2200"
2017-09-25,"2,496.6600"
2017-09-26,"2,496.8400"
2017-09-27,"2,507.0400"
2017-09-28,"2,510.0600"
2017-09-29,"2,519.3600"
2017-10-02,"2,529.1200"
2017-10-03,"2,534.5800"
2017-10-04,"2,537.7400"
2017-10-05,"2,552.0700"
2017-10-06,"2,549.3300"
2017-10-09,"2,544.7300"
2017-10-10,"2,550.6400"
2017-10-11,"2,555.2400"
2017-10-12,"2,550.9300"
2017-10-13,"2,553.1700"
2017-10-16,"2,557.6400"
2017-10-17,"2,559.3600"
2017-10-18,"2,561.2600"
2017-10-19,"2,562.1000"
2017-10-20,"2,575.2100"
2017-10-23,"2,564.9800"
2017-10-24,"2,569.1300"
2017-10-25,"2,557.1500"
2017-10-26,"2,560.4000"
2017-10-27,"2,581.0700"
2017-10-30,"2,572.8300"
2017-10-31,"2,575.2600"
2017-11-01,"2,579.3600"
2017-11-02,"2,579.8500"
2017-11-03,"2,587.8400"
2017-11-06,"2,591.1300"
2017-11-07,"2,590.6400"
2017-11-08,"2,594.3800"
2017-11-09,"2,584.6200"
2017-11-10,"2,582.3000"
2017-11-13,"2,584.8400"
2017-11-14,"2,578.8700"
2017-11-15,"2,564.6200"
2017-11-16,"2,585.6400"
2017-11-17,"2,578.8500"
2017-11-20,"2,582.1400"
2017-11-21,"2,599.0300"
2017-11-22,"2,597.0800"
2017-11-24,"2,602.4200"
2017-11-27,"2,601.4200"
2017-11-28,"2,627.0400"
2017-11-29,"2,626.0700"
2017-11-30,"2,647.5800"
2017-12-01,"2,642.2200"
2017-12-04,"2,639.4400"
2017-12-05,"2,629.5700"
2017-12-06,"2,629.2700"
2017-12-07,"2,636.9800"
2017-12-08,"2,651.5000"
2017-12-11,"2,659.9900"
2017-12-12,"2,664.1100"
2017-12-13,"2,662.8500"
2017-12-14,"2,652.0100"
2017-12-15,"2,675.8100"
2017-12-18,"2,690.1600"
2017-12-19,"2,681.4700"
2017-12-20,"2,679.2500"
2017-12-21,"2,684.5700"
2017-12-22,"2,683.3400"
2017-12-26,"2,679.8800"
2017-12-27,"2,682.6200"
2017-12-28,"2,687.5400"
2017-12-29,"2,673.6100"
2018-01-02,"2,695.8100"
2018-01-03,"2,713.0600"
2018-01-04,"2,723.9900"
2018-01-05,"2,743.1500"
2018-01-08,"2,747.7100"
2018-01-09,"2,751.2900"
2018-01-10,"2,748.2300"
2018-01-11,"2,767.5600"
2018-01-12,"2,786.2400"
2018-01-16,"2,776.4200"
2018-01-17,"2,802.5600"
2018-01-18,"2,798.0300"
2018-01-19,"2,810.3000"
2018-01-22,"2,832.9700"
2018-01-23,"2,839.1300"
2018-01-24,"2,837.5400"
2018-01-25,"2,839.2500"
2018-01-26,"2,854.9200"
2018-01-29,"2,853.5300"
2018-01-30,"2,822.4300"
2018-01-31,"2,823.8100"
2018-02-01,"2,821.9800"
2018-02-02,"2,762.1300"
2018-02-05,"2,648.9400"
2018-02-06,"2,695.1400"
2018-02-07,"2,681.6600"
2018-02-08,"2,581.0000"
2018-02-09,"2,619.5500"
2018-02-12,"2,656.0000"
2018-02-13,"2,662.9400"
2018-02-14,"2,698.6300"
2018-02-15,"2,731.2000"
2018-02-16,"2,732.2200"
2018-02-20,"2,716.2600"
2018-02-21,"2,701.3300"
2018-02-22,"2,703.9600"
2018-02-23,"2,747.3000"
2018-02-26,"2,779.6000"
2018-02-27,"2,744.2800"
2018-02-28,"2,713.8300"
2018-03-01,"2,677.6700"
2018-03-02,"2,691.2500"
2018-03-05,"2,720.9400"
2018-03-06,"2,728.1200"
2018-03-07,"2,726.8000"
2018-03-08,"2,738.9700"
2018-03-09,"2,786.5700"
2018-03-12,"2,783.0200"
2018-03-13,"2,765.3100"
2018-03-14,"2,749.4800"
2018-03-15,"2,747.3300"
2018-03-16,"2,752.0100"
2018-03-19,"2,712.9200"
2018-03-20,"2,716.9400"
2018-03-21,"2,711.9300"
2018-03-22,"2,643.6900"
2018-03-23,"2,588.2600"
2018-03-26,"2,658.5500"
2018-03-27,"2,612.6200"
2018-03-28,"2,605.0000"
2018-03-29,"2,641.5300"
2018-04-02,"2,581.8800"
2018-04-03,"2,614.4500"
2018-04-04,"2,644.6900"
2018-04-05,"2,662.8400"
2018-04-06,"2,604.4700"
2018-04-09,"2,613.1600"
2018-04-10,"2,656.8700"
2018-04-11,"2,642.1900"
2018-04-12,"2,663.9900"
2018-04-13,"2,656.3000"
2018-04-16,"2,677.8400"
2018-04-17,"2,706.3900"
2018-04-18,"2,708.6400"
2018-04-19,"2,693.1300"
2018-04-20,"2,670.1400"
2018-04-23,"2,670.2900"
2018-04-24,"2,634.5600"
2018-04-25,"2,639.4000"
2018-04-26,"2,666.9400"
2018-04-27,"2,669.9100"
2018-04-30,"2,648.0500"
2018-05-01,"2,654.8000"
2018-05-02,"2,635.6700"
2018-05-03,"2,629.7300"
2018-05-04,"2,663.4200"
2018-05-07,"2,672.6300"
2018-05-08,"2,671.9200"
2018-05-09,"2,697.7900"
2018-05-10,"2,723.0700"
2018-05-11,"2,727.7200"
2018-05-14,"2,730.1300"
2018-05-15,"2,711.4500"
2018-05-16,"2,722.4600"
2018-05-17,"2,720.1300"
2018-05-18,"2,712.9700"
2018-05-21,"2,733.0100"
2018-05-22,"2,724.4400"
2018-05-23,"2,733.2900"
2018-05-24,"2,727.7600"
2018-05-25,"2,721.3300"
2018-05-29,"2,689.8600"
2018-05-30,"2,724.0100"
2018-05-31,"2,705.2700"
2018-06-01,"2,734.6200"
2018-06-04,"2,746.8700"
2018-06-05,"2,748.8000"
2018-06-06,"2,772.3500"
2018-06-07,"2,770.3700"
2018-06-08,"2,779.0300"
2018-06-11,"2,782.0000"
2018-06-12,"2,786.8500"
2018-06-13,"2,775.6300"
2018-06-14,"2,782.4900"
2018-06-15,"2,779.6600"
2018-06-18,"2,773.7500"
2018-06-19,"2,762.5900"
2018-06-20,"2,767.3200"
2018-06-21,"2,749.7600"
2018-06-22,"2,754.8800"
2018-06-25,"2,717.0700"
2018-06-26,"2,723.0600"
2018-06-27,"2,699.6300"
2018-06-28,"2,716.3100"
2018-06-29,"2,718.3700"
2018-07-02,"2,726.7100"
2018-07-03,"2,713.2200"
2018-07-05,"2,736.6100"
2018-07-06,"2,759.8200"
2018-07-09,"2,784.1700"
2018-07-10,"2,793.8400"
2018-07-11,"2,774.0200"
2018-07-12,"2,798.2900"
2018-07-13,"2,801.3100"
2018-07-16,"2,798.4300"
2018-07-17,"2,809.5500"
2018-07-18,"2,815.6200"
2018-07-19,"2,804.4900"
2018-07-20,"2,801.8300"
2018-07-23,"2,806.9800"
2018-07-24,"2,820.4000"
2018-07-25,"2,846.0700"
2018-07-26,"2,837.4400"
2018-07-27,"2,818.8200"
2018-07-30,"2,802.6000"
2018-07-31,"2,816.2900"
2018-08-01,"2,813.3600"
2018-08-02,"2,827.2200"
2018-08-03,"2,840.3500"
2018-08-06,"2,850.4000"
2018-08-07,"2,858.4500"
2018-08-08,"2,857.7000"
2018-08-09,"2,853.5800"
2018-08-10,"2,833.2800"
2018-08-13,"2,821.9300"
2018-08-14,"2,839.9600"
2018-08-15,"2,818.3700"
2018-08-16,"2,840.6900"
2018-08-17,"2,850.1300"
2018-08-20,"2,857.0500"
2018-08-21,"2,862.9600"
2018-08-22,"2,861.8200"
2018-08-23,"2,856.9800"
2018-08-24,"2,874.6900"
2018-08-27,"2,896.7400"
2018-08-28,"2,897.5200"
2018-08-29,"2,914.0400"
2018-08-30,"2,901.1300"
2018-08-31,"2,901.5200"
2018-09-04,"2,896.7200"
2018-09-05,"2,888.6000"
2018-09-06,"2,878.0500"
2018-09-07,"2,871.6800"
2018-09-10,"2,877.1300"
2018-09-11,"2,887.8900"
2018-09-12,"2,888.9200"
2018-09-13,"2,904.1800"
2018-09-14,"2,904.9800"
2018-09-17,"2,888.8000"
2018-09-18,"2,904.3100"
2018-09-19,"2,907.9500"
2018-09-20,"2,930.7500"
2018-09-21,"2,929.6700"
2018-09-24,"2,919.3700"
2018-09-25,"2,915.5600"
2018-09-26,"2,905.9700"
2018-09-27,"2,914.0000"
2018-09-28,"2,913.9800"
2018-10-01,"2,924.5900"
2018-10-02,"2,923.4300"
2018-10-03,"2,925.5100"
2018-10-04,"2,901.6100"
2018-10-05,"2,885.5700"
2018-10-08,"2,884.4300"
2018-10-09,"2,880.3400"
2018-10-10,"2,785.6800"
2018-10-11,"2,728.3700"
2018-10-12,"2,767.1300"
2018-10-15,"2,750.7900"
2018-10-16,"2,809.9200"
2018-10-17,"2,809.2100"
2018-10-18,"2,768.7800"
2018-10-19,"2,767.7800"
2018-10-22,"2,755.8800"
2018-10-23,"2,740.6900"
2018-10-24,"2,656.1000"
2018-10-25,"2,705.5700"
2018-10-26,"2,658.6900"
2018-10-29,"2,641.2500"
2018-10-30,"2,682.6300"
2018-10-31,"2,711.7400"
2018-11-01,"2,740.3700"
2018-11-02,"2,723.0600"
2018-11-05,"2,738.3100"
2018-11-06,"2,755.4500"
2018-11-07,"2,813.8900"
2018-11-08,"2,806.8300"
2018-11-09,"2,781.0100"
2018-11-12,"2,726.2200"
2018-11-13,"2,722.1800"
2018-11-14,"2,701.5800"
2018-11-15,"2,730.2000"
2018-11-16,"2,736.2700"
2018-11-19,"2,690.7300"
2018-11-20,"2,641.8900"
2018-11-21,"2,649.9300"
2018-11-23,"2,632.5600"
2018-11-26,"2,673.4500"
2018-11-27,"2,682.2000"
2018-11-28,"2,743.7800"
2018-11-29,"2,737.7600"
2018-11-30,"2,760.1700"
2018-12-03,"2,790.3700"
2018-12-04,"2,700.0600"
2018-12-06,"2,695.9500"
2018-12-07,"2,633.0800"
2018-12-10,"2,637.7200"
2018-12-11,"2,636.7800"
2018-12-12,"2,651.0700"
2018-12-13,"2,650.5400"
2018-12-14,"2,599.9500"
2018-12-17,"2,545.9400"
2018-12-18,"2,546.1600"
2018-12-19,"2,506.9600"
2018-12-20,"2,467.4200"
2018-12-21,"2,416.5800"
2018-12-24,"2,351.1000"
2018-12-26,"2,467.7000"
2018-12-27,"2,488.8300"
2018-12-28,"2,485.7400"
2018-12-31,"2,506.8500"
2019-01-02,"2,510.0300"
2019-01-03,"2,447.8900"
2019-01-04,"2,531.9400"
2019-01-07,"2,549.6900"
2019-01-08,"2,574.4100"
2019-01-09,"2,584.9600"
2019-01-10,"2,596.6400"
2019-01-11,"2,596.2600"
2019-01-14,"2,582.6100"
2019-01-15,"2,610.3000"
2019-01-16,"2,616.1000"
2019-01-17,"2,635.9600"
2019-01-18,"2,670.7100"
2019-01-22,"2,632.9000"
2019-01-23,"2,638.7000"
2019-01-24,"2,642.3300"
2019-01-25,"2,664.7600"
2019-01-28,"2,643.8500"
2019-01-29,"2,640.0000"
2019-01-30,"2,681.0500"
2019-01-31,"2,704.1000"
2019-02-01,"2,706.5300"
2019-02-04,"2,724.8700"
2019-02-05,"2,737.7000"
2019-02-06,"2,731.6100"
2019-02-07,"2,706.0500"
2019-02-08,"2,707.8800"
2019-02-11,"2,709.8000"
2019-02-12,"2,744.7300"
2019-02-13,"2,753.0300"
2019-02-14,"2,745.7300"
2019-02-15,"2,775.6000"
2019-02-19,"2,779.7600"
2019-02-20,"2,784.7000"
2019-02-21,"2,774.8800"
2019-02-22,"2,792.6700"
2019-02-25,"2,796.1100"
2019-02-26,"2,793.9000"
2019-02-27,"2,792.3800"
2019-02-28,"2,784.4900"
2019-03-01,"2,803.6900"
2019-03-04,"2,792.8100"
2019-03-05,"2,789.6500"
2019-03-06,"2,771.4500"
2019-03-07,"2,748.9300"
2019-03-08,"2,743.0700"
2019-03-11,"2,783.3000"
2019-03-12,"2,791.5200"
2019-03-13,"2,810.9200"
2019-03-14,"2,808.4800"
2019-03-15,"2,822.4800"
2019-03-18,"2,832.9400"
2019-03-19,"2,832.5700"
2019-03-20,"2,824.2300"
2019-03-21,"2,854.8800"
2019-03-22,"2,800.7100"
2019-03-25,"2,798.3600"
2019-03-26,"2,818.4600"
2019-03-27,"2,805.3700"
2019-03-28,"2,815.4400"
2019-03-29,"2,834.4000"
2019-04-01,"2,867.1900"
2019-04-02,"2,867.2400"
2019-04-03,"2,873.4000"
2019-04-04,"2,879.3900"
2019-04-05,"2,892.7400"
2019-04-08,"2,895.7700"
2019-04-09,"2,878.2000"
2019-04-10,"2,888.2100"
2019-04-11,"2,888.3200"
2019-04-12,"2,907.4100"
2019-04-15,"2,905.5800"
2019-04-16,"2,907.0600"
2019-04-17,"2,900.4500"
2019-04-18,"2,905.0300"
2019-04-22,"2,907.9700"
2019-04-23,"2,933.6800"
2019-04-24,"2,927.2500"
2019-04-25,"2,926.1700"
2019-04-26,"2,939.8800"
2019-04-29,"2,943.0300"
2019-04-30,"2,945.8300"
2019-05-01,"2,923.7300"
2019-05-02,"2,917.5200"
2019-05-03,"2,945.6400"
2019-05-06,"2,932.4700"
2019-05-07,"2,884.0500"
2019-05-08,"2,879.4200"
2019-05-09,"2,870.7200"
2019-05-10,"2,881.4000"
2019-05-13,"2,811.8700"
2019-05-14,"2,834.4100"
2019-05-15,"2,850.9600"
2019-05-16,"2,876.3200"
2019-05-17,"2,859.5300"
2019-05-20,"2,840.2300"
2019-05-21,"2,864.3600"
2019-05-22,"2,856.2700"
2019-05-23,"2,822.2400"
2019-05-24,"2,826.0600"
2019-05-28,"2,802.3900"
2019-05-29,"2,783.0200"
2019-05-30,"2,788.8600"
2019-05-31,"2,752.0600"
2019-06-03,"2,744.4500"
2019-06-04,"2,803.2700"
2019-06-05,"2,826.1500"
2019-06-06,"2,843.4900"
2019-06-07,"2,873.3400"
2019-06-10,"2,886.7300"
2019-06-11,"2,885.7200"
2019-06-12,"2,879.8400"
2019-06-13,"2,891.6400"
2019-06-14,"2,886.9800"
2019-06-17,"2,889.6700"
2019-06-18,"2,917.7500"
2019-06-19,"2,926.4600"
2019-06-20,"2,954.1800"
2019-06-21,"2,950.4600"
2019-06-24,"2,945.3500"
2019-06-25,"2,917.3800"
2019-06-26,"2,913.7800"
2019-06-27,"2,924.9200"
2019-06-28,"2,941.7600"
2019-07-01,"2,964.3300"
2019-07-02,"2,973.0100"
2019-07-03,"2,995.8200"
2019-07-05,"2,990.4100"
2019-07-08,"2,975.9500"
2019-07-09,"2,979.6300"
2019-07-10,"2,993.0700"
2019-07-11,"2,999.9100"
2019-07-12,"3,013.7700"
2019-07-15,"3,014.3000"
2019-07-16,"3,004.0400"
2019-07-17,"2,984.4200"
2019-07-18,"2,995.1100"
2019-07-19,"2,976.6100"
2019-07-22,"2,985.0300"
2019-07-23,"3,005.4700"
2019-07-24,"3,019.5600"
2019-07-25,"3,003.6700"
2019-07-26,"3,025.8600"
2019-07-29,"3,020.9700"
2019-07-30,"3,013.1800"
2019-07-31,"2,980.3800"
2019-08-01,"2,953.5600"
2019-08-02,"2,932.0500"
2019-08-05,"2,844.7400"
2019-08-06,"2,881.7700"
2019-08-07,"2,883.9800"
2019-08-08,"2,938.0900"
2019-08-09,"2,918.6500"
2019-08-12,"2,883.0900"
2019-08-13,"2,926.3200"
2019-08-14,"2,840.6000"
2019-08-15,"2,847.6000"
2019-08-16,"2,888.6800"
2019-08-19,"2,923.6500"
2019-08-20,"2,900.5100"
2019-08-21,"2,924.4300"
2019-08-22,"2,922.9500"
2019-08-23,"2,847.1100"
2019-08-26,"2,878.3800"
2019-08-27,"2,869.1600"
2019-08-28,"2,887.9400"
2019-08-29,"2,924.5800"
2019-08-30,"2,926.4600"
2019-09-03,"2,906.2700"
2019-09-04,"2,937.7800"
2019-09-05,"2,976.0000"
2019-09-06,"2,978.7100"
2019-09-09,"2,978.4300"
2019-09-10,"2,979.3900"
2019-09-11,"3,000.9300"
2019-09-12,"3,009.5700"
2019-09-13,"3,007.3900"
2019-09-16,"2,997.9600"
2019-09-17,"3,005.7000"
2019-09-18,"3,006.7300"
2019-09-19,"3,006.7900"
2019-09-20,"2,992.0700"
2019-09-23,"2,991.7800"
2019-09-24,"2,966.6000"
2019-09-25,"2,984.8700"
2019-09-26,"2,977.6200"
2019-09-27,"2,961.7900"
2019-09-30,"2,976.7400"
2019-10-01,"2,940.2500"
2019-10-02,"2,887.6100"
2019-10-03,"2,910.6300"
2019-10-04,"2,952.0100"
2019-10-07,"2,938.7900"
2019-10-08,"2,893.0600"
2019-10-09,"2,919.4000"
2019-10-10,"2,938.1300"
2019-10-11,"2,970.2700"
2019-10-14,"2,966.1500"
2019-10-15,"2,995.6800"
2019-10-16,"2,989.6900"
2019-10-17,"2,997.9500"
2019-10-18,"2,986.2000"
2019-10-21,"3,006.7200"
2019-10-22,"2,995.9900"
2019-10-23,"3,004.5200"
2019-10-24,"3,010.2900"
2019-10-25,"3,022.5500"
2019-10-28,"3,039.4200"
2019-10-29,"3,036.8900"
2019-10-30,"3,046.7700"
2019-10-31,"3,037.5600"
2019-11-01,"3,066.9100"
2019-11-04,"3,078.2700"
2019-11-05,"3,074.6200"
2019-11-06,"3,076.7800"
2019-11-07,"3,085.1800"
2019-11-08,"3,093.0800"
2019-11-11,"3,087.0100"
2019-11-12,"3,091.8400"
2019-11-13,"3,094.0400"
2019-11-14,"3,096.6300"
2019-11-15,"3,120.4600"
2019-11-18,"3,122.0300"
2019-11-19,"3,120.1800"
2019-11-20,"3,108.4600"
2019-11-21,"3,103.5400"
2019-11-22,"3,110.2900"
2019-11-25,"3,133.6400"
2019-11-26,"3,140.5200"
2019-11-27,"3,153.6300"
2019-11-29,"3,140.9800"
2019-12-02,"3,113.8700"
2019-12-03,"3,093.2000"
2019-12-04,"3,112.7600"
2019-12-05,"3,117.4300"
2019-12-06,"3,145.9100"
2019-12-09,"3,135.9600"
2019-12-10,"3,132.5200"
2019-12-11,"3,141.6300"
2019-12-12,"3,168.5700"
2019-12-13,"3,168.8000"
2019-12-16,"3,191.4500"
2019-12-17,"3,192.5200"
2019-12-18,"3,191.1400"
2019-12-19,"3,205.3700"
2019-12-20,"3,221.2200"
2019-12-23,"3,224.0100"
2019-12-24,"3,223.3800"
2019-12-26,"3,239.9100"
2019-12-27,"3,240.0200"
2019-12-30,"3,221.2900"
2019-12-31,"3,230.7800"
2020-01-02,"3,257.8500"
2020-01-03,"3,234.8500"
2020-01-06,"3,246.2800"
2020-01-07,"3,237.1800"
2020-01-08,"3,253.0500"
2020-01-09,"3,274.7000"
2020-01-10,"3,265.3500"
2020-01-13,"3,288.1300"
2020-01-14,"3,283.1500"
2020-01-15,"3,289.2900"
2020-01-16,"3,316.8100"
2020-01-17,"3,329.6200"
2020-01-21,"3,320.7900"
2020-01-22,"3,321.7500"
2020-01-23,"3,325.5400"
2020-01-24,"3,295.4700"
2020-01-27,"3,243.6300"
2020-01-28,"3,276.2400"
2020-01-29,"3,273.4000"
2020-01-30,"3,283.6600"
2020-01-31,"3,225.5200"
2020-02-03,"3,248.9200"
2020-02-04,"3,297.5900"
2020-02-05,"3,334.6900"
2020-02-06,"3,345.7800"
2020-02-07,"3,327.7100"
2020-02-10,"3,352.0900"
2020-02-11,"3,357.7500"
2020-02-12,"3,379.4500"
2020-02-13,"3,373.9400"
2020-02-14,"3,380.1600"
2020-02-18,"3,370.2900"
2020-02-19,"3,386.1500"
2020-02-20,"3,373.2300"
2020-02-21,"3,337.7500"
2020-02-24,"3,225.8900"
2020-02-25,"3,128.2100"
2020-02-26,"3,116.3900"
2020-02-27,"2,978.7600"
2020-02-28,"2,954.2200"
2020-03-02,"3,090.2300"
2020-03-03,"3,003.3700"
2020-03-04,"3,130.1200"
2020-03-05,"3,023.9400"
2020-03-06,"2,972.3700"
2020-03-09,"2,746.5600"
2020-03-10,"2,882.2300"
2020-03-11,"2,741.3800"
2020-03-12,"2,480.6400"
2020-03-13,"2,711.0200"
2020-03-16,"2,386.1300"
2020-03-17,"2,529.1900"
2020-03-18,"2,398.1000"
2020-03-19,"2,409.3900"
2020-03-20,"2,304.9200"
2020-03-23,"2,237.4000"
2020-03-24,"2,447.3300"
2020-03-25,"2,475.5600"
2020-03-26,"2,630.0700"
2020-03-27,"2,541.4700"
2020-03-30,"2,626.6500"
2020-03-31,"2,584.5900"
2020-04-01,"2,470.5000"
2020-04-02,"2,526.9000"
2020-04-03,"2,488.6500"
2020-04-06,"2,663.6800"
2020-04-07,"2,659.4100"
2020-04-08,"2,749.9800"
2020-04-09,"2,789.8200"
2020-04-13,"2,761.6300"
2020-04-14,"2,846.0600"
2020-04-15,"2,783.3600"
2020-04-16,"2,799.5500"
2020-04-17,"2,874.5600"
2020-04-20,"2,823.1600"
2020-04-21,"2,736.5600"
2020-04-22,"2,799.3100"
2020-04-23,"2,797.8000"
2020-04-24,"2,836.7400"
2020-04-27,"2,878.4800"
2020-04-28,"2,863.3900"
2020-04-29,"2,939.5100"
2020-04-30,"2,912.4300"
2020-05-01,"2,830.7100"
2020-05-04,"2,842.7400"
2020-05-05,"2,868.4400"
2020-05-06,"2,848.4200"
2020-05-07,"2,881.1900"
2020-05-08,"2,929.8000"
2020-05-11,"2,930.3200"
2020-05-12,"2,870.1200"
2020-05-13,"2,820.0000"
2020-05-14,"2,852.5000"
2020-05-15,"2,863.7000"
2020-05-18,"2,953.9100"
2020-05-19,"2,922.9400"
2020-05-20,"2,971.6100"
2020-05-21,"2,948.5100"
2020-05-22,"2,955.4500"
2020-05-26,"2,991.7700"
2020-05-27,"3,036.1300"
2020-05-28,"3,029.7300"
2020-05-29,"3,044.3100"
2020-06-01,"3,055.7300"
2020-06-02,"3,080.8200"
2020-06-03,"3,122.8700"
2020-06-04,"3,112.3500"
2020-06-05,"3,193.9300"
2020-06-08,"3,232.3900"
2020-06-09,"3,207.1800"
2020-06-10,"3,190.1400"
2020-06-11,"3,002.1000"
2020-06-12,"3,041.3100"
2020-06-15,"3,066.5900"
2020-06-16,"3,124.7400"
2020-06-17,"3,113.4900"
2020-06-18,"3,115.3400"
2020-06-19,"3,097.7400"
2020-06-22,"3,117.8600"
2020-06-23,"3,131.2900"
2020-06-24,"3,050.3300"
2020-06-25,"3,083.7600"
2020-06-26,"3,009.0500"
2020-06-29,"3,053.2400"
2020-06-30,"3,100.2900"
2020-07-01,"3,115.8600"
2020-07-02,"3,130.0100"
2020-07-06,"3,179.7200"
2020-07-07,"3,145.3200"
2020-07-08,"3,169.9400"
2020-07-09,"3,152.0500"
2020-07-10,"3,185.0400"
2020-07-13,"3,155.2200"
2020-07-14,"3,197.5200"
2020-07-15,"3,226.5600"
2020-07-16,"3,215.5700"
2020-07-17,"3,224.7300"
2020-07-20,"3,251.8400"
2020-07-21,"3,257.3000"
2020-07-22,"3,276.0200"
2020-07-23,"3,235.6600"
2020-07-24,"3,215.6300"
2020-07-27,"3,239.4100"
2020-07-28,"3,218.4400"
2020-07-29,"3,258.4400"
2020-07-30,"3,246.2200"
2020-07-31,"3,271.1200"
2020-08-03,"3,294.6100"
2020-08-04,"3,306.5100"
2020-08-05,"3,327.7700"
2020-08-06,"3,349.1600"
2020-08-07,"3,351.2800"
2020-08-10,"3,360.4700"
2020-08-11,"3,333.6900"
2020-08-12,"3,380.3500"
2020-08-13,"3,373.4300"
2020-08-14,"3,372.8500"
2020-08-17,"3,381.9900"
2020-08-18,"3,389.7800"
2020-08-19,"3,374.8500"
2020-08-20,"3,385.5100"
2020-08-21,"3,397.1600"
2020-08-24,"3,431.2800"
2020-08-25,"3,443.6200"
2020-08-26,"3,478.7300"
2020-08-27,"3,484.5500"
2020-08-28,"3,508.0100"
2020-08-31,"3,500.3100"
2020-09-01,"3,526.6500"
2020-09-02,"3,580.8400"
2020-09-03,"3,455.0600"
2020-09-04,"3,426.9600"
2020-09-08,"3,331.8400"
2020-09-09,"3,398.9600"
2020-09-10,"3,339.1900"
2020-09-11,"3,340.9700"
2020-09-14,"3,383.5400"
2020-09-15,"3,401.2000"
2020-09-16,"3,385.4900"
2020-09-17,"3,357.0100"
2020-09-18,"3,319.4700"
2020-09-21,"3,281.0600"
2020-09-22,"3,315.5700"
2020-09-23,"3,236.9200"
2020-09-24,"3,246.5900"
2020-09-25,"3,298.4600"
2020-09-28,"3,351.6000"
2020-09-29,"3,335.4700"
2020-09-30,"3,363.0000"
2020-10-01,"3,380.8000"
2020-10-02,"3,348.4400"
2020-10-05,"3,408.6300"
2020-10-06,"3,360.9500"
2020-10-07,"3,419.4500"
2020-10-08,"3,446.8300"
2020-10-09,"3,477.1300"
2020-10-12,"3,534.2200"
2020-10-13,"3,511.9300"
2020-10-14,"3,488.6700"
2020-10-15,"3,483.3400"
2020-10-16,"3,483.8100"
2020-10-19,"3,426.9200"
2020-10-20,"3,443.1200"
2020-10-21,"3,435.5600"
2020-10-22,"3,453.4900"
2020-10-23,"3,465.3900"
2020-10-26,"3,400.9700"
2020-10-27,"3,390.6800"
2020-10-28,"3,271.0300"
2020-10-29,"3,310.1100"
2020-10-30,"3,269.9600"
2020-11-02,"3,310.2400"
2020-11-03,"3,369.1600"
2020-11-04,"3,443.4400"
2020-11-05,"3,510.4500"
2020-11-06,"3,509.4400"
2020-11-09,"3,550.5000"
2020-11-10,"3,545.5300"
2020-11-11,"3,572.6600"
2020-11-12,"3,537.0100"
2020-11-13,"3,585.1500"
2020-11-16,"3,626.9100"
2020-11-17,"3,609.5300"
2020-11-18,"3,567.7900"
2020-11-19,"3,581.8700"
2020-11-20,"3,557.5400"
2020-11-23,"3,577.5900"
2020-11-24,"3,635.4100"
2020-11-25,"3,629.6500"
2020-11-27,"3,638.3500"
2020-11-30,"3,621.6300"
2020-12-01,"3,662.4500"
2020-12-02,"3,669.0100"
2020-12-03,"3,666.7200"
2020-12-04,"3,699.1200"
2020-12-07,"3,691.9600"
2020-12-08,"3,702.2500"
2020-12-09,"3,672.8200"
2020-12-10,"3,668.1000"
2020-12-11,"3,663.4600"
2020-12-14,"3,647.4900"
2020-12-15,"3,694.6200"
2020-12-16,"3,701.1700"
2020-12-17,"3,722.4800"
2020-12-18,"3,709.4100"
2020-12-21,"3,694.9200"
2020-12-22,"3,687.2600"
2020-12-23,"3,690.0100"
2020-12-24,"3,703.0600"
2020-12-28,"3,735.3600"
2020-12-29,"3,727.0400"
2020-12-30,"3,732.0400"
2020-12-31,"3,756.0700"
2021-01-04,"3,700.6500"
2021-01-05,"3,726.8600"
2021-01-06,"3,748.1400"
2021-01-07,"3,803.7900"
2021-01-08,"3,824.6800"
2021-01-11,"3,799.6100"
2021-01-12,"3,801.1900"
2021-01-13,"3,809.8400"
2021-01-14,"3,795.5400"
2021-01-15,"3,768.2500"
2021-01-19,"3,798.9100"
2021-01-20,"3,851.8500"
2021-01-21,"3,853.0700"
2021-01-22,"3,841.4700"
2021-01-25,"3,855.3600"
2021-01-26,"3,849.6200"
2021-01-27,"3,750.7700"
2021-01-28,"3,787.3800"
2021-01-29,"3,714.2400"
2021-02-01,"3,773.8600"
2021-02-02,"3,826.3100"
2021-02-03,"3,830.1700"
2021-02-04,"3,871.7400"
2021-02-05,"3,886.8300"
2021-02-08,"3,915.5900"
2021-02-09,"3,911.2300"
2021-02-10,"3,909.8800"
2021-02-11,"3,916.3800"
2021-02-12,"3,934.8300"
2021-02-16,"3,932.5900"
2021-02-17,"3,931.3300"
2021-02-18,"3,913.9700"
2021-02-19,"3,906.7100"
2021-02-22,"3,876.5000"
2021-02-23,"3,881.3700"
2021-02-24,"3,925.4300"
2021-02-25,"3,829.3400"
2021-02-26,"3,811.1500"
2021-03-01,"3,901.8200"
2021-03-02,"3,870.2900"
2021-03-03,"3,819.7200"
2021-03-04,"3,768.4700"
2021-03-05,"3,841.9400"
2021-03-08,"3,821.3500"
2021-03-09,"3,875.4400"
2021-03-10,"3,898.8100"
2021-03-11,"3,939.3400"
2021-03-12,"3,943.3400"
2021-03-15,"3,968.9400"
2021-03-16,"3,962.7100"
2021-03-17,"3,974.1200"
2021-03-18,"3,915.4600"
2021-03-19,"3,913.1000"
2021-03-22,"3,940.5900"
2021-03-23,"3,910.5200"
2021-03-24,"3,889.1400"
2021-03-25,"3,909.5200"
2021-03-26,"3,974.5400"
2021-03-29,"3,971.0900"
2021-03-30,"3,958.5500"
2021-03-31,"3,972.8900"
2021-04-01,"4,019.8700"
2021-04-05,"4,077.9100"
2021-04-06,"4,073.9400"
2021-04-07,"4,079.9500"
2021-04-08,"4,097.1700"
2021-04-09,"4,128.8000"
2021-04-12,"4,127.9900"
2021-04-13,"4,141.1700"
2021-04-14,"4,124.6600"
2021-04-15,"4,170.4200"
2021-04-16,"4,185.4700"
2021-04-19,"4,163.2800"
2021-04-20,"4,134.9400"
2021-04-21,"4,173.4200"
2021-04-22,"4,134.9800"
2021-04-23,"4,180.1700"
2021-04-26,"4,187.6200"
2021-04-27,"4,186.7200"
2021-04-28,"4,183.1800"
2021-04-29,"4,211.4700"
2021-04-30,"4,181.1700"
2021-05-03,"4,192.6600"
2021-05-04,"4,164.6600"
2021-05-05,"4,167.5900"
2021-05-06,"4,201.6200"
2021-05-07,"4,232.6000"
2021-05-10,"4,188.4300"
2021-05-11,"4,152.1000"
2021-05-12,"4,063.0400"
2021-05-13,"4,112.5000"
2021-05-14,"4,173.8500"
2021-05-17,"4,163.2900"
2021-05-18,"4,127.8300"
2021-05-19,"4,115.6800"
2021-05-20,"4,159.1200"
2021-05-21,"4,155.8600"
2021-05-24,"4,197.0500"
2021-05-25,"4,188.1300"
2021-05-26,"4,195.9900"
2021-05-27,"4,200.8800"
2021-05-28,"4,204.1100"
2021-06-01,"4,202.0400"
2021-06-02,"4,208.1200"
2021-06-03,"4,192.8500"
2021-06-04,"4,229.8900"
2021-06-07,"4,226.5200"
2021-06-08,"4,227.2600"
2021-06-09,"4,219.5500"
2021-06-10,"4,239.1800"
2021-06-11,"4,247.4400"
2021-06-14,"4,255.1500"
2021-06-15,"4,246.5900"
2021-06-16,"4,223.7000"
2021-06-17,"4,221.8600"
2021-06-18,"4,166.4500"
2021-06-21,"4,224.7900"
2021-06-22,"4,246.4400"
2021-06-23,"4,241.8400"
2021-06-24,"4,266.4900"
2021-06-25,"4,280.7000"
2021-06-28,"4,290.6100"
2021-06-29,"4,291.8000"
2021-06-30,"4,297.5000"
2021-07-01,"4,319.9400"
2021-07-02,"4,352.3400"
2021-07-06,"4,343.5400"
2021-07-07,"4,358.1300"
2021-07-08,"4,320.8200"
2021-07-09,"4,369.5500"
2021-07-12,"4,384.6300"
2021-07-13,"4,369.2100"
2021-07-14,"4,374.3000"
2021-07-15,"4,360.0300"
2021-07-16,"4,327.1600"
2021-07-19,"4,258.4900"
2021-07-20,"4,323.0600"
2021-07-21,"4,358.6900"
2021-07-22,"4,367.4800"
2021-07-23,"4,411.7900"
2021-07-26,"4,422.3000"
2021-07-27,"4,401.4600"
2021-07-28,"4,400.6400"
2021-07-29,"4,419.1500"
2021-07-30,"4,395.2600"
2021-08-02,"4,387.1600"
2021-08-03,"4,423.1500"
2021-08-04,"4,402.6600"
2021-08-05,"4,429.1000"
2021-08-06,"4,436.5200"
2021-08-09,"4,432.3500"
2021-08-10,"4,436.7500"
2021-08-11,"4,447.7000"
2021-08-12,"4,460.8300"
2021-08-13,"4,468.0000"
2021-08-16,"4,479.7100"
2021-08-17,"4,448.0800"
2021-08-18,"4,400.2700"
2021-08-19,"4,405.8000"
2021-08-20,"4,441.6700"
2021-08-23,"4,479.5300"
2021-08-24,"4,486.2300"
2021-08-25,"4,496.1900"
2021-08-26,"4,470.0000"
2021-08-27,"4,509.3700"
2021-08-30,"4,528.7900"
2021-08-31,"4,522.6800"
2021-09-01,"4,524.0900"
2021-09-02,"4,536.9500"
2021-09-03,"4,535.4300"
2021-09-07,"4,520.0300"
2021-09-08,"4,514.0700"
2021-09-09,"4,493.2800"
2021-09-10,"4,458.5800"
2021-09-13,"4,468.7300"
2021-09-14,"4,443.0500"
2021-09-15,"4,480.7000"
2021-09-16,"4,473.7500"
2021-09-17,"4,432.9900"
2021-09-20,"4,357.7300"
2021-09-21,"4,354.1900"
2021-09-22,"4,395.6400"
2021-09-23,"4,448.9800"
2021-09-24,"4,455.4800"
2021-09-27,"4,443.1100"
2021-09-28,"4,352.6300"
2021-09-29,"4,359.4600"
2021-09-30,"4,307.5400"
2021-10-01,"4,357.0400"
2021-10-04,"4,300.4600"
2021-10-05,"4,345.7200"
2021-10-06,"4,363.5500"
2021-10-07,"4,399.7600"
2021-10-08,"4,391.3400"
2021-10-11,"4,361.1900"
2021-10-12,"4,350.6500"
2021-10-13,"4,363.8000"
2021-10-14,"4,438.2600"
2021-10-15,"4,471.3700"
2021-10-18,"4,486.4600"
2021-10-19,"4,519.6300"
2021-10-20,"4,536.1900"
2021-10-21,"4,549.7800"
2021-10-22,"4,544.9000"
2021-10-25,"4,566.4800"
2021-10-26,"4,574.7900"
2021-10-27,"4,551.6800"
2021-10-28,"4,596.4200"
2021-10-29,"4,605.3800"
2021-11-01,"4,613.6700"
2021-11-02,"4,630.6500"
2021-11-03,"4,660.5700"
2021-11-04,"4,680.0600"
2021-11-05,"4,697.5300"
2021-11-08,"4,701.7000"
2021-11-09,"4,685.2500"
2021-11-10,"4,646.7100"
2021-11-11,"4,649.2700"
2021-11-12,"4,682.8500"
2021-11-15,"4,682.8000"
2021-11-16,"4,700.9000"
2021-11-17,"4,688.6700"
2021-11-18,"4,704.5400"
2021-11-19,"4,697.9600"
2021-11-22,"4,682.9400"
2021-11-23,"4,690.7000"
2021-11-24,"4,701.4600"
2021-11-26,"4,594.6200"
2021-11-29,"4,655.2700"
2021-11-30,"4,567.0000"
2021-12-01,"4,513.0400"
2021-12-02,"4,577.1000"
2021-12-03,"4,538.4300"
2021-12-06,"4,591.6700"
2021-12-07,"4,686.7500"
2021-12-08,"4,701.2100"
2021-12-09,"4,667.4500"
2021-12-10,"4,712.0200"
2021-12-13,"4,668.9700"
2021-12-14,"4,634.0900"
2021-12-15,"4,709.8500"
2021-12-16,"4,668.6700"
2021-12-17,"4,620.6400"
2021-12-20,"4,568.0200"
2021-12-21,"4,649.2300"
2021-12-22,"4,696.5600"
2021-12-23,"4,725.7900"
2021-12-27,"4,791.1900"
2021-12-28,"4,786.3500"
2021-12-29,"4,793.0600"
2021-12-30,"4,778.7300"
2021-12-31,"4,766.1800"
2022-01-03,"4,796.5600"
2022-01-04,"4,793.5400"
2022-01-05,"4,700.5800"
2022-01-06,"4,696.0500"
2022-01-07,"4,677.0300"
2022-01-10,"4,670.2900"
2022-01-11,"4,713.0700"
2022-01-12,"4,726.3500"
2022-01-13,"4,659.0300"
2022-01-14,"4,662.8500"
2022-01-18,"4,577.1100"
2022-01-19,"4,532.7600"
2022-01-20,"4,482.7300"
2022-01-21,"4,397.9400"
2022-01-24,"4,410.1300"
2022-01-25,"4,356.4500"
2022-01-26,"4,349.9300"
2022-01-27,"4,326.5100"
2022-01-28,"4,431.8500"
2022-01-31,"4,515.5500"
2022-02-01,"4,546.5400"
2022-02-02,"4,589.3800"
2022-02-03,"4,477.4400"
2022-02-04,"4,500.5300"
2022-02-07,"4,483.8700"
2022-02-08,"4,521.5400"
2022-02-09,"4,587.1800"
2022-02-10,"4,504.0800"
2022-02-11,"4,418.6400"
2022-02-14,"4,401.6700"
2022-02-15,"4,471.0700"
2022-02-16,"4,475.0100"
2022-02-17,"4,380.2600"
2022-02-18,"4,348.8700"
2022-02-22,"4,304.7600"
2022-02-23,"4,225.5000"
2022-02-24,"4,288.7000"
2022-02-25,"4,384.6500"
2022-02-28,"4,373.9400"
2022-03-01,"4,306.2600"
2022-03-02,"4,386.5400"
2022-03-03,"4,363.4900"
2022-03-04,"4,328.8700"
2022-03-07,"4,201.0900"
2022-03-08,"4,170.7000"
2022-03-09,"4,277.8800"
2022-03-10,"4,259.5200"
2022-03-11,"4,204.3100"
2022-03-14,"4,173.1100"
2022-03-15,"4,262.4500"
2022-03-16,"4,357.8600"
2022-03-17,"4,411.6700"
2022-03-18,"4,463.1200"
2022-03-21,"4,461.1800"
2022-03-22,"4,511.6100"
2022-03-23,"4,456.2400"
2022-03-24,"4,520.1600"
2022-03-25,"4,543.0600"
2022-03-28,"4,575.5200"
2022-03-29,"4,631.6000"
2022-03-30,"4,602.4500"
2022-03-31,"4,530.4100"
2022-04-01,"4,545.8600"
2022-04-04,"4,582.6400"
2022-04-05,"4,525.1200"
2022-04-06,"4,481.1500"
2022-04-07,"4,500.2100"
2022-04-08,"4,488.2800"
2022-04-11,"4,412.5300"
2022-04-12,"4,397.4500"
2022-04-13,"4,446.5900"
2022-04-14,"4,392.5900"
2022-04-18,"4,391.6900"
2022-04-19,"4,462.2100"
2022-04-20,"4,459.4500"
2022-04-21,"4,393.6600"
2022-04-22,"4,271.7800"
2022-04-25,"4,296.1200"
2022-04-26,"4,175.2000"
2022-04-27,"4,183.9600"
2022-04-28,"4,287.5000"
2022-04-29,"4,131.9300"
2022-05-02,"4,155.3800"
2022-05-03,"4,175.4800"
2022-05-04,"4,300.1700"
2022-05-05,"4,146.8700"
2022-05-06,"4,123.3400"
2022-05-09,"3,991.2400"
2022-05-10,"4,001.0500"
2022-05-11,"3,935.1800"
2022-05-12,"3,930.0800"
2022-05-13,"4,023.8900"
2022-05-16,"4,008.0100"
2022-05-17,"4,088.8500"
2022-05-18,"3,923.6800"
2022-05-19,"3,900.7900"
2022-05-20,"3,901.3600"
2022-05-23,"3,973.7500"
2022-05-24,"3,941.4800"
2022-05-25,"3,978.7300"
2022-05-26,"4,057.8400"
2022-05-27,"4,158.2400"
2022-05-30,"4,158.2400"
2022-05-31,"4,132.1500"
2022-06-01,"4,101.2300"
2022-06-02,"4,176.8200"
2022-06-03,"4,108.5400"
2022-06-06,"4,121.4300"
2022-06-07,"4,160.6800"
2022-06-08,"4,115.7700"
2022-06-09,"4,017.8200"
2022-06-10,"3,900.8600"
2022-06-13,"3,749.6300"
2022-06-14,"3,735.4800"
2022-06-15,"3,789.9900"
2022-06-16,"3,666.7700"
2022-06-17,"3,674.8400"
2022-06-20,"3,674.8400"
2022-06-21,"3,764.7900"
2022-06-22,"3,759.8900"
2022-06-23,"3,795.7300"
2022-06-24,"3,911.7400"
2022-06-27,"3,900.1100"
2022-06-28,"3,821.5500"
2022-06-29,"3,818.8300"
2022-06-30,"3,785.3800"
2022-07-01,"3,825.3300"
2022-07-05,"3,831.3900"
2022-07-06,"3,845.0800"
2022-07-07,"3,902.6200"
2022-07-08,"3,899.3800"
2022-07-11,"3,854.4300"
2022-07-12,"3,818.8000"
2022-07-13,"3,801.7800"
2022-07-14,"3,790.3800"
2022-07-15,"3,863.1600"
2022-07-18,"3,830.8500"
2022-07-19,"3,936.6900"
2022-07-20,"3,959.9000"
2022-07-21,"3,998.9500"
2022-07-22,"3,961.6300"
2022-07-25,"3,966.8400"
2022-07-26,"3,921.0500"
2022-07-27,"4,023.6100"
2022-07-28,"4,072.4300"
2022-07-29,"4,130.2900"
2022-08-01,"4,118.6300"
2022-08-02,"4,091.1900"
2022-08-03,"4,155.1700"
2022-08-04,"4,151.9400"
2022-08-05,"4,145.1900"
2022-08-08,"4,140.0600"
2022-08-09,"4,122.4700"
2022-08-10,"4,210.2400"
2022-08-11,"4,207.2700"
2022-08-12,"4,280.1500"
2022-08-15,"4,297.1400"
2022-08-16,"4,305.2000"
2022-08-17,"4,274.0400"
2022-08-18,"4,283.7400"
2022-08-19,"4,228.4800"
2022-08-22,"4,137.9900"
2022-08-23,"4,128.7300"
2022-08-24,"4,140.7700"
2022-08-25,"4,199.1200"
2022-08-26,"4,057.6600"
2022-08-29,"4,030.6100"
2022-08-30,"3,986.1600"
2022-08-31,"3,955.0000"
2022-09-01,"3,966.8500"
2022-09-02,"3,924.2600"
2022-09-06,"3,908.1900"
2022-09-07,"3,979.8700"
2022-09-08,"4,006.1800"
2022-09-09,"4,067.3600"
2022-09-12,"4,110.4100"
2022-09-13,"3,932.6900"
2022-09-14,"3,946.0100"
2022-09-15,"3,901.3500"
2022-09-16,"3,873.3300"
2022-09-19,"3,899.8900"
2022-09-20,"3,855.9300"
2022-09-21,"3,789.9300"
2022-09-22,"3,757.9900"
2022-09-23,"3,693.2300"
2022-09-26,"3,655.0400"
2022-09-27,"3,647.2900"
2022-09-28,"3,719.0400"
2022-09-29,"3,640.4700"
2022-09-30,"3,585.6200"
2022-10-03,"3,678.4300"
2022-10-04,"3,790.9300"
2022-10-05,"3,783.2800"
2022-10-06,"3,744.5200"
2022-10-07,"3,639.6600"
2022-10-10,"3,612.3900"
2022-10-11,"3,588.8400"
2022-10-12,"3,577.0300"
2022-10-13,"3,669.9100"
2022-10-14,"3,583.0700"
2022-10-17,"3,677.9500"
2022-10-18,"3,719.9800"
2022-10-19,"3,695.1600"
2022-10-20,"3,665.7800"
2022-10-21,"3,752.7500"
2022-10-24,"3,797.3400"
2022-10-25,"3,859.1100"
2022-10-26,"3,830.6000"
2022-10-27,"3,807.3000"
2022-10-28,"3,901.0600"
2022-10-31,"3,871.9800"
2022-11-01,"3,856.1000"
2022-11-02,"3,759.6900"
2022-11-03,"3,719.8900"
2022-11-04,"3,770.5500"
2022-11-07,"3,806.8000"
2022-11-08,"3,828.1100"
2022-11-09,"3,748.5700"
2022-11-10,"3,956.3700"
2022-11-11,"3,992.9300"
2022-11-14,"3,957.2500"
2022-11-15,"3,991.7300"
2022-11-16,"3,958.7900"
2022-11-17,"3,946.5600"
2022-11-18,"3,965.3400"
2022-11-21,"3,949.9400"
2022-11-22,"4,003.5800"
2022-11-23,"4,027.2600"
2022-11-25,"4,026.1200"
2022-11-28,"3,963.9400"
2022-11-29,"3,957.6300"
2022-11-30,"4,080.1100"
2022-12-01,"4,076.5700"
2022-12-02,"4,071.7000"
2022-12-05,"3,998.8400"
2022-12-06,"3,941.2600"
2022-12-07,"3,933.9200"
2022-12-08,"3,963.5100"
2022-12-09,"3,934.3800"
2022-12-12,"3,990.5600"
2022-12-13,"4,019.6500"
2022-12-14,"3,995.3200"
2022-12-15,"3,895.7500"
2022-12-16,"3,852.3600"
2022-12-19,"3,817.6600"
2022-12-20,"3,821.6200"
2022-12-21,"3,878.4400"
2022-12-22,"3,822.3900"
2022-12-23,"3,844.8200"
2022-12-27,"3,829.2500"
2022-12-28,"3,783.2200"
2022-12-29,"3,849.2800"
2022-12-30,"3,839.5000"
2023-01-03,"3,824.1400"
2023-01-04,"3,852.9700"
2023-01-05,"3,808.1000"
2023-01-06,"3,895.0800"
2023-01-09,"3,892.0900"
2023-01-10,"3,919.2500"
2023-01-11,"3,969.6100"
2023-01-12,"3,983.1700"
2023-01-13,"3,999.0900"
2023-01-17,"3,990.9700"
2023-01-18,"3,928.8600"
2023-01-19,"3,898.8500"
2023-01-20,"3,972.6100"
2023-01-23,"4,019.8100"
2023-01-24,"4,016.9500"
2023-01-25,"4,016.2200"
2023-01-26,"4,060.4300"
2023-01-27,"4,070.5600"
2023-01-30,"4,017.7700"
2023-01-31,"4,076.6000"
2023-02-01,"4,119.2100"
2023-02-02,"4,179.7600"
2023-02-03,"4,136.4800"
2023-02-06,"4,111.0800"
2023-02-07,"4,164.0000"
2023-02-08,"4,117.8600"
2023-02-09,"4,081.5000"
2023-02-10,"4,090.4600"
2023-02-13,"4,137.2900"
2023-02-14,"4,136.1300"
2023-02-15,"4,147.6000"
2023-02-16,"4,090.4100"
2023-02-17,"4,079.0900"
2023-02-21,"3,997.3400"
2023-02-22,"3,991.0500"
2023-02-23,"4,012.3200"
2023-02-24,"3,970.0400"
2023-02-27,"3,982.2400"
2023-02-28,"3,970.1500"
2023-03-01,"3,951.3900"
2023-03-02,"3,981.3500"
2023-03-03,"4,045.6400"
2023-03-06,"4,048.4200"
2023-03-07,"3,986.3700"
2023-03-08,"3,992.0100"
2023-03-09,"3,918.3200"
2023-03-10,"3,861.5900"
2023-03-13,"3,855.7600"
2023-03-14,"3,919.2900"
2023-03-15,"3,891.9300"
2023-03-16,"3,960.2800"
2023-03-17,"3,916.6400"
2023-03-20,"3,951.5700"
2023-03-21,"4,002.8700"
2023-03-22,"3,936.9700"
2023-03-23,"3,948.7200"
2023-03-24,"3,970.9900"
2023-03-27,"3,977.5300"
2023-03-28,"3,971.2700"
2023-03-29,"4,027.8100"
2023-03-30,"4,050.8300"
2023-03-31,"4,109.3100"
2023-04-03,"4,124.5100"
2023-04-04,"4,100.6000"
2023-04-05,"4,090.3800"
2023-04-06,"4,105.0200"
2023-04-10,"4,109.1100"
2023-04-11,"4,108.9400"
2023-04-12,"4,091.9500"
2023-04-13,"4,146.2200"
2023-04-14,"4,137.6400"
2023-04-17,"4,151.3200"
2023-04-18,"4,154.8700"
2023-04-19,"4,154.5200"
2023-04-20,"4,129.7900"
2023-04-21,"4,133.5200"
2023-04-24,"4,137.0400"
2023-04-25,"4,071.6300"
2023-04-26,"4,055.9900"
2023-04-27,"4,135.3500"
2023-04-28,"4,169.4800"
2023-05-01,"4,167.8700"
2023-05-02,"4,119.5800"
2023-05-03,"4,090.7500"
2023-05-04,"4,061.2200"
2023-05-05,"4,136.2500"
2023-05-08,"4,138.1200"
2023-05-09,"4,119.1700"
2023-05-10,"4,137.6400"
2023-05-11,"4,130.6200"
2023-05-12,"4,124.0800"
2023-05-15,"4,136.2800"
2023-05-16,"4,109.9000"
2023-05-17,"4,158.7700"
2023-05-18,"4,198.0500"
2023-05-19,"4,191.9800"
2023-05-22,"4,192.6300"
2023-05-23,"4,145.5800"
2023-05-24,"4,115.2400"
2023-05-25,"4,151.2800"
2023-05-26,"4,205.4500"
2023-05-30,"4,205.5200"
2023-05-31,"4,179.8300"
2023-06-01,"4,221.0200"
2023-06-02,"4,282.3700"
2023-06-05,"4,273.7900"
2023-06-06,"4,283.8500"
2023-06-07,"4,267.5200"
2023-06-08,"4,293.9300"
2023-06-09,"4,298.8600"
2023-06-12,"4,338.9300"
2023-06-13,"4,369.0100"
2023-06-14,"4,372.5900"
2023-06-15,"4,425.8400"
2023-06-16,"4,409.5900"
2023-06-20,"4,388.7100"
2023-06-21,"4,365.6900"
2023-06-22,"4,381.8900"
2023-06-23,"4,348.3300"
2023-06-26,"4,328.8200"
2023-06-27,"4,378.4100"
2023-06-28,"4,376.8600"
2023-06-29,"4,396.4400"
2023-06-30,"4,450.3800"
2023-07-03,"4,455.5900"
2023-07-05,"4,446.8200"
2023-07-06,"4,411.5900"
2023-07-07,"4,398.9500"
2023-07-10,"4,409.5300"
2023-07-11,"4,439.2600"
2023-07-12,"4,472.1600"
2023-07-13,"4,510.0400"
2023-07-14,"4,505.4200"
2023-07-17,"4,522.7900"
2023-07-18,"4,554.9800"
2023-07-19,"4,565.7200"
2023-07-20,"4,534.8700"
2023-07-21,"4,536.3400"
2023-07-24,"4,554.6400"
2023-07-25,"4,567.4600"
2023-07-26,"4,566.7500"
2023-07-27,"4,537.4100"
2023-07-28,"4,582.2300"
2023-07-31,"4,588.9600"
2023-08-01,"4,576.7300"
2023-08-02,"4,513.3900"
2023-08-03,"4,501.8900"
2023-08-04,"4,478.0300"
2023-08-07,"4,518.4400"
2023-08-08,"4,499.3800"
2023-08-09,"4,467.7100"
2023-08-10,"4,468.8300"
2023-08-11,"4,464.0500"
2023-08-14,"4,489.7200"
2023-08-15,"4,437.8600"
2023-08-16,"4,404.3300"
2023-08-17,"4,370.3600"
2023-08-18,"4,369.7100"
2023-08-21,"4,399.7700"
2023-08-22,"4,387.5500"
2023-08-23,"4,436.0100"
2023-08-24,"4,376.3100"
2023-08-25,"4,405.7100"
2023-08-28,"4,433.3100"
2023-08-29,"4,497.6300"
2023-08-30,"4,514.8700"
2023-08-31,"4,507.6600"
2023-09-01,"4,515.7700"
2023-09-05,"4,496.8300"
2023-09-06,"4,465.4800"
2023-09-07,"4,451.1400"
2023-09-08,"4,457.4900"
2023-09-11,"4,487.4600"
2023-09-12,"4,461.9000"
2023-09-13,"4,467.4400"
2023-09-14,"4,505.1000"
2023-09-15,"4,450.3200"
2023-09-18,"4,453.5300"
2023-09-19,"4,443.9500"
2023-09-20,"4,402.2000"
2023-09-21,"4,330.0000"
2023-09-22,"4,320.0600"
2023-09-25,"4,337.4400"
2023-09-26,"4,273.5300"
2023-09-27,"4,274.5100"
2023-09-28,"4,299.7000"
2023-09-29,"4,288.0500"
2023-10-02,"4,288.3900"
2023-10-03,"4,229.4500"
2023-10-04,"4,263.7500"
2023-10-05,"4,258.1900"
2023-10-06,"4,308.5000"
2023-10-09,"4,335.6600"
2023-10-10,"4,358.2400"
2023-10-11,"4,376.9500"
2023-10-12,"4,349.6100"
2023-10-13,"4,327.7800"
2023-10-16,"4,373.6300"
2023-10-17,"4,373.2000"
2023-10-18,"4,314.6000"
2023-10-19,"4,278.0000"
2023-10-20,"4,224.1600"
2023-10-23,"4,217.0400"
2023-10-24,"4,247.6800"
2023-10-25,"4,186.7700"
2023-10-26,"4,137.2300"
2023-10-27,"4,117.3700"
2023-10-30,"4,166.8200"
2023-10-31,"4,193.8000"
2023-11-01,"4,237.8600"
2023-11-02,"4,317.7800"
2023-11-03,"4,358.3400"
2023-11-06,"4,365.9800"
2023-11-07,"4,378.3800"
2023-11-08,"4,382.7800"
2023-11-09,"4,347.3500"
2023-11-10,"4,415.2400"
2023-11-13,"4,411.5500"
2023-11-14,"4,495.7000"
2023-11-15,"4,502.8800"
2023-11-16,"4,508.2400"
2023-11-17,"4,514.0200"
2023-11-20,"4,547.3800"
2023-11-21,"4,538.1900"
2023-11-22,"4,556.6200"
2023-11-24,"4,559.3400"
2023-11-27,"4,550.4300"
2023-11-28,"4,554.8900"
2023-11-29,"4,550.5800"
2023-11-30,"4,567.8000"
2023-12-01,"4,594.6300"
2023-12-04,"4,569.7800"
2023-12-05,"4,567.1800"
2023-12-06,"4,549.3400"
2023-12-07,"4,585.5900"
2023-12-08,"4,604.3700"
2023-12-11,"4,622.4400"
2023-12-12,"4,643.7000"
2023-12-13,"4,707.0900"
2023-12-14,"4,719.5500"
2023-12-15,"4,719.1900"
2023-12-18,"4,740.5600"
2023-12-19,"4,768.3700"
2023-12-20,"4,698.3500"
2023-12-21,"4,746.7500"
2023-12-22,"4,754.6300"
2023-12-26,"4,774.7500"
2023-12-27,"4,781.5800"
2023-12-28,"4,783.3500"
2023-12-29,"4,769.8300"
2024-01-02,"4,742.8300"
2024-01-03,"4,704.8100"
2024-01-04,"4,688.6800"
2024-01-05,"4,697.2400"
2024-01-08,"4,763.5400"
2024-01-09,"4,756.5000"
2024-01-10,"4,783.4500"
2024-01-11,"4,780.2400"
2024-01-12,"4,783.8300"
2024-01-16,"4,765.9800"
2024-01-17,"4,739.2100"
2024-01-18,"4,780.9400"
2024-01-19,"4,839.8100"
2024-01-22,"4,850.4300"
2024-01-23,"4,864.6000"
2024-01-24,"4,868.5500"
2024-01-25,"4,894.1600"
2024-01-26,"4,890.9700"
2024-01-29,"4,927.9300"
2024-01-30,"4,924.9700"
2024-01-31,"4,845.6500"
2024-02-01,"4,906.1900"
2024-02-02,"4,958.6100"
2024-02-05,"4,942.8100"
2024-02-06,"4,954.2300"
2024-02-07,"4,995.0600"
2024-02-08,"4,997.9100"
2024-02-09,"5,026.6100"
2024-02-12,"5,021.8400"
2024-02-13,"4,953.1700"
2024-02-14,"5,000.6200"
2024-02-15,"5,029.7300"
2024-02-16,"5,005.5700"
2024-02-20,"4,975.5100"
2024-02-21,"4,981.8000"
2024-02-22,"5,087.0300"
2024-02-23,"5,088.8000"
2024-02-26,"5,069.5300"
2024-02-27,"5,078.1800"
2024-02-28,"5,069.7600"
2024-02-29,"5,096.2700"
2024-03-01,"5,137.0800"
2024-03-04,"5,130.9500"
2024-03-05,"5,078.6500"
2024-03-06,"5,104.7600"
2024-03-07,"5,157.3600"
2024-03-08,"5,123.6900"
2024-03-11,"5,117.9400"
2024-03-12,"5,175.2700"
2024-03-13,"5,165.3100"
2024-03-14,"5,150.4800"
2024-03-15,"5,117.0900"
2024-03-18,"5,149.4200"
2024-03-19,"5,178.5100"
2024-03-20,"5,224.6200"
2024-03-21,"5,241.5300"
2024-03-22,"5,234.1800"
2024-03-25,"5,218.1900"
2024-03-26,"5,203.5800"
2024-03-27,"5,248.4900"
2024-03-28,"5,254.3500"
2024-04-01,"5,243.7700"
2024-04-02,"5,205.8100"
2024-04-03,"5,211.4900"
2024-04-04,"5,147.2100"
2024-04-05,"5,204.3400"
2024-04-08,"5,202.3900"
2024-04-09,"5,209.9100"
2024-04-10,"5,160.6400"
2024-04-11,"5,199.0600"
2024-04-12,"5,123.4100"
2024-04-15,"5,061.8200"
2024-04-16,"5,051.4100"
2024-04-17,"5,022.2100"
2024-04-18,"5,011.1200"
2024-04-19,"4,967.2300"
2024-04-22,"5,010.6000"
2024-04-23,"5,070.5500"
2024-04-24,"5,071.6300"
2024-04-25,"5,048.4200"
2024-04-26,"5,099.9600"
2024-04-29,"5,116.1700"
2024-04-30,"5,035.6900"
2024-05-01,"5,018.3900"
2024-05-02,"5,064.2000"
2024-05-03,"5,127.7900"
2024-05-06,"5,180.7400"
2024-05-07,"5,187.7000"
2024-05-08,"5,187.6700"
2024-05-09,"5,214.0800"
2024-05-10,"5,222.6800"
2024-05-13,"5,221.4200"
2024-05-14,"5,246.6800"
2024-05-15,"5,308.1500"
2024-05-16,"5,297.1000"
2024-05-17,"5,303.2700"
2024-05-20,"5,308.1300"
2024-05-21,"5,321.4100"
2024-05-22,"5,307.0100"
2024-05-23,"5,267.8400"
2024-05-24,"5,304.7200"
2024-05-28,"5,306.0400"
2024-05-29,"5,266.9500"
2024-05-30,"5,235.4800"
2024-05-31,"5,277.5100"
2024-06-03,"5,283.4000"
2024-06-04,"5,291.3400"
2024-06-05,"5,354.0300"
2024-06-06,"5,352.9600"
2024-06-07,"5,346.9900"
2024-06-10,"5,360.7900"
2024-06-11,"5,375.3200"
2024-06-12,"5,421.0300"
2024-06-13,"5,433.7400"
2024-06-14,"5,431.6000"
2024-06-17,"5,473.2300"
2024-06-18,"5,487.0300"
2024-06-20,"5,473.1700"
2024-06-21,"5,464.6200"
2024-06-24,"5,447.8700"
2024-06-25,"5,469.3000"
2024-06-26,"5,477.9000"
2024-06-27,"5,482.8700"
2024-06-28,"5,460.4800"
2024-07-01,"5,475.0900"
2024-07-02,"5,509.0100"
2024-07-03,"5,537.0200"
2024-07-05,"5,567.1900"
2024-07-08,"5,572.8500"
2024-07-09,"5,576.9800"
2024-07-10,"5,633.9100"
2024-07-11,"5,584.5400"
2024-07-12,"5,615.3500"
2024-07-15,"5,631.2200"
2024-07-16,"5,667.2000"
2024-07-17,"5,588.2700"
2024-07-18,"5,544.5900"
2024-07-19,"5,505.0000"
2024-07-22,"5,564.4100"
2024-07-23,"5,555.7400"
2024-07-24,"5,427.1300"
2024-07-25,"5,399.2200"
2024-07-26,"5,459.1000"
2024-07-29,"5,463.5400"
2024-07-30,"5,436.4400"
2024-07-31,"5,522.3000"
2024-08-01,"5,446.6800"
2024-08-02,"5,346.5600"
2024-08-05,"5,186.3300"
2024-08-06,"5,240.0300"
2024-08-07,"5,199.5000"
2024-08-08,"5,319.3100"
2024-08-09,"5,344.1600"
2024-08-12,"5,344.3900"
2024-08-13,"5,434.4300"
2024-08-14,"5,455.2100"
2024-08-15,"5,543.2200"
2024-08-16,"5,554.2500"
2024-08-19,"5,608.2500"
2024-08-20,"5,597.1200"
2024-08-21,"5,620.8500"
2024-08-22,"5,570.6400"
2024-08-23,"5,634.6100"
2024-08-26,"5,616.8400"
2024-08-27,"5,625.8000"
2024-08-28,"5,592.1800"
2024-08-29,"5,591.9600"
2024-08-30,"5,648.4000"
2024-09-03,"5,528.9300"
2024-09-04,"5,520.0700"
2024-09-05,"5,503.4100"
2024-09-06,"5,408.4200"
2024-09-09,"5,471.0500"
2024-09-10,"5,495.5200"
2024-09-11,"5,554.1300"
2024-09-12,"5,595.7600"
2024-09-13,"5,626.0200"
2024-09-16,"5,633.0900"
2024-09-17,"5,634.5800"
2024-09-18,"5,618.2600"
2024-09-19,"5,713.6400"
2024-09-20,"5,702.5500"
2024-09-23,"5,718.5700"
2024-09-24,"5,732.9300"
2024-09-25,"5,722.2600"
2024-09-26,"5,745.3700"
2024-09-27,"5,738.1700"
2024-09-30,"5,762.4800"
2024-10-01,"5,708.7500"
2024-10-02,"5,709.5400"
2024-10-03,"5,699.9400"
2024-10-04,"5,751.0700"
2024-10-07,"5,695.9400"
2024-10-08,"5,751.1300"
2024-10-09,"5,792.0400"
2024-10-10,"5,780.0500"
2024-10-11,"5,815.0300"
2024-10-14,"5,859.8500"
2024-10-15,"5,815.2600"
2024-10-16,"5,842.4700"
2024-10-17,"5,841.4700"
2024-10-18,"5,864.6700"
2024-10-21,"5,853.9800"
2024-10-22,"5,851.2000"
2024-10-23,"5,797.4200"
2024-10-24,"5,809.8600"
2024-10-25,"5,808.1200"
2024-10-28,"5,823.5200"
2024-10-29,"5,832.9200"
2024-10-30,"5,813.6700"
2024-10-31,"5,705.4500"
2024-11-01,"5,728.8000"
2024-11-04,"5,712.6900"
2024-11-05,"5,782.7600"
2024-11-06,"5,929.0400"
2024-11-07,"5,973.1000"
2024-11-08,"5,995.5400"
2024-11-11,"6,001.3500"
2024-11-12,"5,983.9900"
2024-11-13,"5,985.3800"
2024-11-14,"5,949.1700"
2024-11-15,"5,870.6200"
2024-11-18,"5,893.6200"
2024-11-19,"5,916.9800"
2024-11-20,"5,917.1100"
2024-11-21,"5,948.7100"
2024-11-22,"5,969.3400"
2024-11-25,"5,987.3700"
2024-11-26,"6,021.6300"
2024-11-27,"5,998.7400"
2024-11-29,"6,032.3800"
2024-12-02,"6,047.1500"
2024-12-03,"6,049.8800"
2024-12-04,"6,086.4900"
2024-12-05,"6,075.1100"
2024-12-06,"6,090.2700"
2024-12-09,"6,052.8500"
2024-12-10,"6,034.9100"
2024-12-11,"6,084.1900"
2024-12-12,"6,051.2500"
2024-12-13,"6,051.0900"
2024-12-16,"6,074.0800"
2024-12-17,"6,050.6100"
2024-12-18,"5,872.1600"
2024-12-19,"5,867.0800"
2024-12-20,"5,930.8500"
2024-12-23,"5,974.0700"
2024-12-24,"6,040.0400"
2024-12-26,"6,037.5900"
2024-12-27,"5,970.8400"
2024-12-30,"5,906.9400"
2024-12-31,"5,881.6300"